source_au_id,canonical_curve_au_id,selected_top_90_stratum,lexmatch_alias_used,source_stratum_code,canonical_stratum_code,source_si_class,canonical_si_class,source_bec_group,canonical_bec_group,source_species_combo,canonical_species_combo,stand_count,area_ha,canonical_selected_area_ha
cwhvm1_hw_cw_m,cwhvm1_hw_cw_m,True,False,CWHvm1_HW+CW,CWHvm1_HW+CW,M,M,CWHvm1,CWHvm1,HW+CW,HW+CW,1602,14576.473609,14576.473609
cwhvm1_hw_ba_m,cwhvm1_hw_ba_m,True,False,CWHvm1_HW+BA,CWHvm1_HW+BA,M,M,CWHvm1,CWHvm1,HW+BA,HW+BA,1222,13083.871387,13083.871387
cwhvm1_hw_cw_l,cwhvm1_hw_cw_l,True,False,CWHvm1_HW+CW,CWHvm1_HW+CW,L,L,CWHvm1,CWHvm1,HW+CW,HW+CW,1112,7117.880299,7117.880299
cwhvm1_hw_ba_h,cwhvm1_hw_ba_h,True,False,CWHvm1_HW+BA,CWHvm1_HW+BA,H,H,CWHvm1,CWHvm1,HW+BA,HW+BA,531,6336.709216,6336.709216
cwhvm1_hw_ba_l,cwhvm1_hw_ba_l,True,False,CWHvm1_HW+BA,CWHvm1_HW+BA,L,L,CWHvm1,CWHvm1,HW+BA,HW+BA,952,6328.040635,6328.040635
cwhvm1_cw_hw_h,cwhvm1_cw_hw_h,True,False,CWHvm1_CW+HW,CWHvm1_CW+HW,H,H,CWHvm1,CWHvm1,CW+HW,CW+HW,717,6154.404369,6154.404369
cwhvm1_cw_hw_l,cwhvm1_cw_hw_l,True,False,CWHvm1_CW+HW,CWHvm1_CW+HW,L,L,CWHvm1,CWHvm1,CW+HW,CW+HW,927,6107.943901,6107.943901
cwhvm1_hw_m,cwhvm1_hw_m,True,False,CWHvm1_HW,CWHvm1_HW,M,M,CWHvm1,CWHvm1,HW,HW,448,4138.939451,4138.939451
cwhvm1_hw_ss_l,cwhvm1_hw_ss_l,True,False,CWHvm1_HW+SS,CWHvm1_HW+SS,L,L,CWHvm1,CWHvm1,HW+SS,HW+SS,463,4135.63912,4135.63912
cwhvm1_cw_hw_m,cwhvm1_cw_hw_m,True,False,CWHvm1_CW+HW,CWHvm1_CW+HW,M,M,CWHvm1,CWHvm1,CW+HW,CW+HW,568,4015.120247,4015.120247
cwhvm2_hw_ba_h,cwhvm2_hw_ba_h,True,False,CWHvm2_HW+BA,CWHvm2_HW+BA,H,H,CWHvm2,CWHvm2,HW+BA,HW+BA,326,3577.020254,3577.020254
cwhvm2_hw_ba_l,cwhvm2_hw_ba_l,True,False,CWHvm2_HW+BA,CWHvm2_HW+BA,L,L,CWHvm2,CWHvm2,HW+BA,HW+BA,448,3095.371233,3095.371233
cwhvm1_hw_cw_h,cwhvm1_hw_cw_h,True,False,CWHvm1_HW+CW,CWHvm1_HW+CW,H,H,CWHvm1,CWHvm1,HW+CW,HW+CW,349,2899.431292,2899.431292
cwhvm2_hw_ba_m,cwhvm2_hw_ba_m,True,False,CWHvm2_HW+BA,CWHvm2_HW+BA,M,M,CWHvm2,CWHvm2,HW+BA,HW+BA,304,2418.081584,2418.081584
cwhvm1_hw_ss_h,cwhvm1_hw_ss_h,True,False,CWHvm1_HW+SS,CWHvm1_HW+SS,H,H,CWHvm1,CWHvm1,HW+SS,HW+SS,236,2240.217819,2240.217819
cwhvm1_hw_h,cwhvm1_hw_h,True,False,CWHvm1_HW,CWHvm1_HW,H,H,CWHvm1,CWHvm1,HW,HW,223,1645.046704,1645.046704
cwhvm1_hw_l,cwhvm1_hw_l,True,False,CWHvm1_HW,CWHvm1_HW,L,L,CWHvm1,CWHvm1,HW,HW,375,1582.40532,1582.40532
cwhvm1_cw_h,cwhvm1_cw_h,True,False,CWHvm1_CW,CWHvm1_CW,H,H,CWHvm1,CWHvm1,CW,CW,131,1331.281287,1331.281287
cwhvm1_cw_yc_l,cwhvm1_cw_yc_l,True,False,CWHvm1_CW+YC,CWHvm1_CW+YC,L,L,CWHvm1,CWHvm1,CW+YC,CW+YC,93,1293.870013,1293.870013
cwhvm1_hw_fdc_l,cwhvm1_hw_fdc_l,True,False,CWHvm1_HW+FDC,CWHvm1_HW+FDC,L,L,CWHvm1,CWHvm1,HW+FDC,HW+FDC,110,1288.9352,1288.9352
cwhvm1_hw_dr_m,cwhvm1_hw_dr_m,True,False,CWHvm1_HW+DR,CWHvm1_HW+DR,M,M,CWHvm1,CWHvm1,HW+DR,HW+DR,148,1157.28499,1157.28499
cwhvm2_hw_cw_h,cwhvm2_hw_cw_h,True,False,CWHvm2_HW+CW,CWHvm2_HW+CW,H,H,CWHvm2,CWHvm2,HW+CW,HW+CW,131,1136.408457,1136.408457
cwhvh1_cw_hw_l,cwhvh1_cw_hw_l,True,False,CWHvh1_CW+HW,CWHvh1_CW+HW,L,L,CWHvh1,CWHvh1,CW+HW,CW+HW,175,1104.143424,1104.143424
cwhvh1_cw_hw_h,cwhvh1_cw_hw_h,True,False,CWHvh1_CW+HW,CWHvh1_CW+HW,H,H,CWHvh1,CWHvh1,CW+HW,CW+HW,138,1076.780452,1076.780452
cwhvm1_hw_dr_l,cwhvm1_hw_dr_l,True,False,CWHvm1_HW+DR,CWHvm1_HW+DR,L,L,CWHvm1,CWHvm1,HW+DR,HW+DR,151,983.327431,983.327431
cwhvm1_hw_dr_h,cwhvm1_hw_dr_h,True,False,CWHvm1_HW+DR,CWHvm1_HW+DR,H,H,CWHvm1,CWHvm1,HW+DR,HW+DR,133,949.516627,949.516627
cwhvm1_hw_ss_m,cwhvm1_hw_ss_m,True,False,CWHvm1_HW+SS,CWHvm1_HW+SS,M,M,CWHvm1,CWHvm1,HW+SS,HW+SS,73,928.457868,928.457868
cwhvh1_cw_hw_m,cwhvh1_cw_hw_m,True,False,CWHvh1_CW+HW,CWHvh1_CW+HW,M,M,CWHvh1,CWHvh1,CW+HW,CW+HW,122,925.172952,925.172952
cwhvm1_hw_fdc_h,cwhvm1_hw_fdc_h,True,False,CWHvm1_HW+FDC,CWHvm1_HW+FDC,H,H,CWHvm1,CWHvm1,HW+FDC,HW+FDC,51,888.764635,888.764635
cwhvm2_hw_cw_m,cwhvm2_hw_cw_m,True,False,CWHvm2_HW+CW,CWHvm2_HW+CW,M,M,CWHvm2,CWHvm2,HW+CW,HW+CW,117,876.653905,876.653905
cwhvh1_hw_cw_h,cwhvh1_hw_cw_h,True,False,CWHvh1_HW+CW,CWHvh1_HW+CW,H,H,CWHvh1,CWHvh1,HW+CW,HW+CW,97,858.724563,858.724563
cwhvm1_hw_fd_h,cwhvm1_hw_fd_h,True,False,CWHvm1_HW+FD,CWHvm1_HW+FD,H,H,CWHvm1,CWHvm1,HW+FD,HW+FD,56,812.542221,812.542221
cwhvh1_hw_cw_l,cwhvh1_hw_cw_l,True,False,CWHvh1_HW+CW,CWHvh1_HW+CW,L,L,CWHvh1,CWHvh1,HW+CW,HW+CW,125,749.479196,749.479196
cwhvm2_ba_hw_m,cwhvm2_ba_hw_m,True,False,CWHvm2_BA+HW,CWHvm2_BA+HW,M,M,CWHvm2,CWHvm2,BA+HW,BA+HW,62,737.724583,737.724583
cwhvm1_cw_m,cwhvm1_cw_m,True,False,CWHvm1_CW,CWHvm1_CW,M,M,CWHvm1,CWHvm1,CW,CW,149,736.056723,736.056723
cwhvm2_hw_cw_l,cwhvm2_hw_cw_l,True,False,CWHvm2_HW+CW,CWHvm2_HW+CW,L,L,CWHvm2,CWHvm2,HW+CW,HW+CW,139,726.648803,726.648803
cwhvm1_hw_fd_m,cwhvm1_hw_fd_m,True,False,CWHvm1_HW+FD,CWHvm1_HW+FD,M,M,CWHvm1,CWHvm1,HW+FD,HW+FD,59,678.283068,678.283068
cwhvm1_dr_hw_h,cwhvm1_dr_hw_h,True,False,CWHvm1_DR+HW,CWHvm1_DR+HW,H,H,CWHvm1,CWHvm1,DR+HW,DR+HW,101,620.529576,620.529576
cwhvm1_yc_hw_l,cwhvm1_yc_hw_l,True,False,CWHvm1_YC+HW,CWHvm1_YC+HW,L,L,CWHvm1,CWHvm1,YC+HW,YC+HW,35,585.006343,585.006343
cwhvm1_ss_hw_h,cwhvm1_ss_hw_h,True,False,CWHvm1_SS+HW,CWHvm1_SS+HW,H,H,CWHvm1,CWHvm1,SS+HW,SS+HW,52,576.664115,576.664115
cwhvm1_cw_l,cwhvm1_cw_l,True,False,CWHvm1_CW,CWHvm1_CW,L,L,CWHvm1,CWHvm1,CW,CW,162,558.799848,558.799848
cwhvm2_cw_hw_h,cwhvm2_cw_hw_h,True,False,CWHvm2_CW+HW,CWHvm2_CW+HW,H,H,CWHvm2,CWHvm2,CW+HW,CW+HW,52,548.518658,548.518658
cwhvm1_ss_hw_l,cwhvm1_ss_hw_l,True,False,CWHvm1_SS+HW,CWHvm1_SS+HW,L,L,CWHvm1,CWHvm1,SS+HW,SS+HW,56,541.878934,541.878934
cwhvm1_ss_hw_m,cwhvm1_ss_hw_m,True,False,CWHvm1_SS+HW,CWHvm1_SS+HW,M,M,CWHvm1,CWHvm1,SS+HW,SS+HW,49,519.509989,519.509989
cwhvm1_cw_yc_h,cwhvm1_cw_yc_h,True,False,CWHvm1_CW+YC,CWHvm1_CW+YC,H,H,CWHvm1,CWHvm1,CW+YC,CW+YC,66,485.666198,485.666198
cwhvh1_hw_ba_l,cwhvh1_hw_ba_l,True,False,CWHvh1_HW+BA,CWHvh1_HW+BA,L,L,CWHvh1,CWHvh1,HW+BA,HW+BA,81,467.414274,467.414274
cwhvm1_dr_hw_l,cwhvm1_dr_hw_l,True,False,CWHvm1_DR+HW,CWHvm1_DR+HW,L,L,CWHvm1,CWHvm1,DR+HW,DR+HW,128,463.173065,463.173065
cwhvm2_cw_hw_l,cwhvm2_cw_hw_l,True,False,CWHvm2_CW+HW,CWHvm2_CW+HW,L,L,CWHvm2,CWHvm2,CW+HW,CW+HW,63,408.991977,408.991977
cwhvm1_hw_fd_l,cwhvm1_hw_fd_l,True,False,CWHvm1_HW+FD,CWHvm1_HW+FD,L,L,CWHvm1,CWHvm1,HW+FD,HW+FD,67,401.313888,401.313888
cwhvm2_yc_hw_l,cwhvm2_yc_hw_l,True,False,CWHvm2_YC+HW,CWHvm2_YC+HW,L,L,CWHvm2,CWHvm2,YC+HW,YC+HW,49,398.830202,398.830202
cwhvm2_hw_yc_h,cwhvm2_hw_yc_h,True,False,CWHvm2_HW+YC,CWHvm2_HW+YC,H,H,CWHvm2,CWHvm2,HW+YC,HW+YC,52,387.20452,387.20452
cwhvh1_hw_ss_h,cwhvh1_hw_ss_h,True,False,CWHvh1_HW+SS,CWHvh1_HW+SS,H,H,CWHvh1,CWHvh1,HW+SS,HW+SS,40,376.075834,376.075834
cwhvm1_yc_cw_l,cwhvm1_yc_cw_l,True,False,CWHvm1_YC+CW,CWHvm1_YC+CW,L,L,CWHvm1,CWHvm1,YC+CW,YC+CW,50,373.090164,373.090164
cwhvh1_hw_ba_h,cwhvh1_hw_ba_h,True,False,CWHvh1_HW+BA,CWHvh1_HW+BA,H,H,CWHvh1,CWHvh1,HW+BA,HW+BA,59,372.648201,372.648201
cwhvm1_dr_hw_m,cwhvm1_dr_hw_m,True,False,CWHvm1_DR+HW,CWHvm1_DR+HW,M,M,CWHvm1,CWHvm1,DR+HW,DR+HW,96,354.077189,354.077189
cwhvm2_yc_hw_h,cwhvm2_yc_hw_h,True,False,CWHvm2_YC+HW,CWHvm2_YC+HW,H,H,CWHvm2,CWHvm2,YC+HW,YC+HW,37,351.523571,351.523571
cwhvm2_ba_hw_h,cwhvm2_ba_hw_h,True,False,CWHvm2_BA+HW,CWHvm2_BA+HW,H,H,CWHvm2,CWHvm2,BA+HW,BA+HW,37,350.789044,350.789044
cwhvm2_ba_hw_l,cwhvm2_ba_hw_l,True,False,CWHvm2_BA+HW,CWHvm2_BA+HW,L,L,CWHvm2,CWHvm2,BA+HW,BA+HW,58,345.036288,345.036288
cwhvm1_dr_l,cwhvm1_dr_l,True,False,CWHvm1_DR,CWHvm1_DR,L,L,CWHvm1,CWHvm1,DR,DR,112,342.368985,342.368985
cwhvh1_hw_cw_m,cwhvh1_hw_cw_m,True,False,CWHvh1_HW+CW,CWHvh1_HW+CW,M,M,CWHvh1,CWHvh1,HW+CW,HW+CW,69,339.5067,339.5067
cwhvm1_ba_hw_h,cwhvm1_ba_hw_h,True,False,CWHvm1_BA+HW,CWHvm1_BA+HW,H,H,CWHvm1,CWHvm1,BA+HW,BA+HW,36,311.257048,311.257048
cwhvm1_dr_h,cwhvm1_dr_h,True,False,CWHvm1_DR,CWHvm1_DR,H,H,CWHvm1,CWHvm1,DR,DR,74,308.751729,308.751729
cwhvm1_yc_cw_m,cwhvm1_yc_cw_m,True,False,CWHvm1_YC+CW,CWHvm1_YC+CW,M,M,CWHvm1,CWHvm1,YC+CW,YC+CW,28,300.492117,300.492117
cwhvm1_cw_yc_m,cwhvm1_cw_yc_m,True,False,CWHvm1_CW+YC,CWHvm1_CW+YC,M,M,CWHvm1,CWHvm1,CW+YC,CW+YC,30,285.012202,285.012202
cwhvm2_hw_yc_l,cwhvm2_hw_yc_l,True,False,CWHvm2_HW+YC,CWHvm2_HW+YC,L,L,CWHvm2,CWHvm2,HW+YC,HW+YC,64,282.434482,282.434482
cwhvm2_hw_yc_m,cwhvm2_hw_yc_m,True,False,CWHvm2_HW+YC,CWHvm2_HW+YC,M,M,CWHvm2,CWHvm2,HW+YC,HW+YC,33,265.215143,265.215143
cwhvh1_hw_ss_l,cwhvh1_hw_ss_l,True,False,CWHvh1_HW+SS,CWHvh1_HW+SS,L,L,CWHvh1,CWHvh1,HW+SS,HW+SS,49,265.087958,265.087958
cwhvm1_ba_hw_l,cwhvm1_ba_hw_l,True,False,CWHvm1_BA+HW,CWHvm1_BA+HW,L,L,CWHvm1,CWHvm1,BA+HW,BA+HW,47,255.663163,255.663163
cwhvh1_hw_ss_m,cwhvh1_hw_ss_m,True,False,CWHvh1_HW+SS,CWHvh1_HW+SS,M,M,CWHvh1,CWHvh1,HW+SS,HW+SS,34,246.655292,246.655292
cwhvm2_cw_hw_m,cwhvm2_cw_hw_m,True,False,CWHvm2_CW+HW,CWHvm2_CW+HW,M,M,CWHvm2,CWHvm2,CW+HW,CW+HW,45,242.937625,242.937625
cwhvm1_yc_cw_h,cwhvm1_yc_cw_h,True,False,CWHvm1_YC+CW,CWHvm1_YC+CW,H,H,CWHvm1,CWHvm1,YC+CW,YC+CW,35,217.135653,217.135653
cwhvm1_yc_hw_m,cwhvm1_yc_hw_m,True,False,CWHvm1_YC+HW,CWHvm1_YC+HW,M,M,CWHvm1,CWHvm1,YC+HW,YC+HW,24,202.046732,202.046732
cwhvh1_hw_ba_m,cwhvh1_hw_ba_m,True,False,CWHvh1_HW+BA,CWHvh1_HW+BA,M,M,CWHvh1,CWHvh1,HW+BA,HW+BA,32,140.890507,140.890507
cwhvm1_yc_hw_h,cwhvm1_yc_hw_h,True,False,CWHvm1_YC+HW,CWHvm1_YC+HW,H,H,CWHvm1,CWHvm1,YC+HW,YC+HW,27,138.594908,138.594908
cwhvm1_dr_m,cwhvm1_dr_m,True,False,CWHvm1_DR,CWHvm1_DR,M,M,CWHvm1,CWHvm1,DR,DR,49,138.340811,138.340811
cwhvm1_ba_hw_m,cwhvm1_ba_hw_m,True,False,CWHvm1_BA+HW,CWHvm1_BA+HW,M,M,CWHvm1,CWHvm1,BA+HW,BA+HW,28,134.660517,134.660517
cwhvm2_yc_hw_m,cwhvm2_yc_hw_m,True,False,CWHvm2_YC+HW,CWHvm2_YC+HW,M,M,CWHvm2,CWHvm2,YC+HW,YC+HW,21,65.403134,65.403134
cwhvm1_hw_yc_m,cwhvm1_cw_yc_m,False,True,CWHvm1_HW+YC,CWHvm1_CW+YC,M,M,CWHvm1,CWHvm1,HW+YC,CW+YC,36,311.913583,285.012202
mhmm1_hw_ba_h,cwhvm1_hw_ba_h,False,True,MHmm1_HW+BA,CWHvm1_HW+BA,H,H,MHmm1,CWHvm1,HW+BA,HW+BA,26,267.225307,6336.709216
cwhvm1_yc_pl_l,cwhvm1_yc_hw_l,False,True,CWHvm1_YC+PL,CWHvm1_YC+HW,L,L,CWHvm1,CWHvm1,YC+PL,YC+HW,12,262.207973,585.006343
cwhvm2_cw_yc_l,cwhvm1_cw_yc_l,False,True,CWHvm2_CW+YC,CWHvm1_CW+YC,L,L,CWHvm2,CWHvm1,CW+YC,CW+YC,20,261.487908,1293.870013
cwhvm2_hw_h,cwhvm1_hw_h,False,True,CWHvm2_HW,CWHvm1_HW,H,H,CWHvm2,CWHvm1,HW,HW,45,253.224256,1645.046704
cwhvm1_fd_hw_l,cwhvm1_cw_hw_l,False,True,CWHvm1_FD+HW,CWHvm1_CW+HW,L,L,CWHvm1,CWHvm1,FD+HW,CW+HW,29,242.250001,6107.943901
mhmm1_yc_hw_l,cwhvm1_yc_hw_l,False,True,MHmm1_YC+HW,CWHvm1_YC+HW,L,L,MHmm1,CWHvm1,YC+HW,YC+HW,13,226.955864,585.006343
cwhvm2_hm_yc_l,cwhvm2_hw_yc_l,False,True,CWHvm2_HM+YC,CWHvm2_HW+YC,L,L,CWHvm2,CWHvm2,HM+YC,HW+YC,34,221.379093,282.434482
cwhvm2_hw_l,cwhvm1_hw_l,False,True,CWHvm2_HW,CWHvm1_HW,L,L,CWHvm2,CWHvm1,HW,HW,64,220.855384,1582.40532
cwhvm1_fd_hw_h,cwhvm1_cw_hw_h,False,True,CWHvm1_FD+HW,CWHvm1_CW+HW,H,H,CWHvm1,CWHvm1,FD+HW,CW+HW,21,217.754959,6154.404369
cwhvm2_yc_hm_l,cwhvm2_yc_hw_l,False,True,CWHvm2_YC+HM,CWHvm2_YC+HW,L,L,CWHvm2,CWHvm2,YC+HM,YC+HW,30,213.342889,398.830202
mhmm1_hw_ba_m,cwhvm1_hw_ba_m,False,True,MHmm1_HW+BA,CWHvm1_HW+BA,M,M,MHmm1,CWHvm1,HW+BA,HW+BA,21,209.002693,13083.871387
cwhvm2_hm_yc_m,cwhvm2_hw_yc_m,False,True,CWHvm2_HM+YC,CWHvm2_HW+YC,M,M,CWHvm2,CWHvm2,HM+YC,HW+YC,31,193.711805,265.215143
cwhvm2_yc_hm_m,cwhvm2_yc_hw_m,False,True,CWHvm2_YC+HM,CWHvm2_YC+HW,M,M,CWHvm2,CWHvm2,YC+HM,YC+HW,26,181.463993,65.403134
cwhvm1_cw_pl_m,cwhvm1_cw_hw_m,False,True,CWHvm1_CW+PL,CWHvm1_CW+HW,M,M,CWHvm1,CWHvm1,CW+PL,CW+HW,30,180.573688,4015.120247
cwhvm2_yc_hm_h,cwhvm2_yc_hw_h,False,True,CWHvm2_YC+HM,CWHvm2_YC+HW,H,H,CWHvm2,CWHvm2,YC+HM,YC+HW,27,179.119312,351.523571
cwhvm2_hw_m,cwhvm1_hw_m,False,True,CWHvm2_HW,CWHvm1_HW,M,M,CWHvm2,CWHvm1,HW,HW,30,173.739402,4138.939451
cwhvm1_cw_pl_l,cwhvm1_cw_hw_l,False,True,CWHvm1_CW+PL,CWHvm1_CW+HW,L,L,CWHvm1,CWHvm1,CW+PL,CW+HW,46,171.750645,6107.943901
cwhvm1_fdc_hw_h,cwhvm1_dr_hw_h,False,True,CWHvm1_FDC+HW,CWHvm1_DR+HW,H,H,CWHvm1,CWHvm1,FDC+HW,DR+HW,13,160.439609,620.529576
cwhvm1_hw_yc_l,cwhvm1_cw_yc_l,False,True,CWHvm1_HW+YC,CWHvm1_CW+YC,L,L,CWHvm1,CWHvm1,HW+YC,CW+YC,26,153.911945,1293.870013
cwhvm1_fd_hw_m,cwhvm1_cw_hw_m,False,True,CWHvm1_FD+HW,CWHvm1_CW+HW,M,M,CWHvm1,CWHvm1,FD+HW,CW+HW,23,151.545099,4015.120247
cwhvm1_cw_pl_h,cwhvm1_cw_hw_h,False,True,CWHvm1_CW+PL,CWHvm1_CW+HW,H,H,CWHvm1,CWHvm1,CW+PL,CW+HW,25,146.582428,6154.404369
cwhvm1_yc_hm_h,cwhvm1_yc_hw_h,False,True,CWHvm1_YC+HM,CWHvm1_YC+HW,H,H,CWHvm1,CWHvm1,YC+HM,YC+HW,12,137.789205,138.594908
cwhvh1_cw_h,cwhvm1_cw_h,False,True,CWHvh1_CW,CWHvm1_CW,H,H,CWHvh1,CWHvm1,CW,CW,15,137.570264,1331.281287
mhmm1_hw_ba_l,cwhvm1_hw_ba_l,False,True,MHmm1_HW+BA,CWHvm1_HW+BA,L,L,MHmm1,CWHvm1,HW+BA,HW+BA,27,135.845511,6328.040635
mhmm1_ba_hw_l,cwhvm1_ba_hw_l,False,True,MHmm1_BA+HW,CWHvm1_BA+HW,L,L,MHmm1,CWHvm1,BA+HW,BA+HW,15,128.503571,255.663163
cwhvm1_cw_ss_l,cwhvm1_hw_ss_l,False,True,CWHvm1_CW+SS,CWHvm1_HW+SS,L,L,CWHvm1,CWHvm1,CW+SS,HW+SS,15,127.085954,4135.63912
cwhvm2_hm_yc_h,cwhvm2_hw_yc_h,False,True,CWHvm2_HM+YC,CWHvm2_HW+YC,H,H,CWHvm2,CWHvm2,HM+YC,HW+YC,23,124.5583,387.20452
cwhvm2_yc_cw_m,cwhvm1_yc_cw_m,False,True,CWHvm2_YC+CW,CWHvm1_YC+CW,M,M,CWHvm2,CWHvm1,YC+CW,YC+CW,10,124.451903,300.492117
cwhvm2_cw_yc_h,cwhvm1_cw_yc_h,False,True,CWHvm2_CW+YC,CWHvm1_CW+YC,H,H,CWHvm2,CWHvm1,CW+YC,CW+YC,16,123.128412,485.666198
cwhvm1_fdc_hw_l,cwhvm1_yc_hw_l,False,True,CWHvm1_FDC+HW,CWHvm1_YC+HW,L,L,CWHvm1,CWHvm1,FDC+HW,YC+HW,16,121.934601,585.006343
cwhvh1_hw_dr_l,cwhvm1_hw_dr_l,False,True,CWHvh1_HW+DR,CWHvm1_HW+DR,L,L,CWHvh1,CWHvm1,HW+DR,HW+DR,11,119.054185,983.327431
cwhvm2_hw_fd_m,cwhvm1_hw_fd_m,False,True,CWHvm2_HW+FD,CWHvm1_HW+FD,M,M,CWHvm2,CWHvm1,HW+FD,HW+FD,6,115.662647,678.283068
cwhvh1_hw_h,cwhvm1_hw_h,False,True,CWHvh1_HW,CWHvm1_HW,H,H,CWHvh1,CWHvm1,HW,HW,18,114.740455,1645.046704
cwhvm1_yc_hm_l,cwhvm1_yc_hw_l,False,True,CWHvm1_YC+HM,CWHvm1_YC+HW,L,L,CWHvm1,CWHvm1,YC+HM,YC+HW,18,110.82835,585.006343
cwhvm1_cw_ss_m,cwhvm1_hw_ss_m,False,True,CWHvm1_CW+SS,CWHvm1_HW+SS,M,M,CWHvm1,CWHvm1,CW+SS,HW+SS,18,110.703244,928.457868
mhmm1_ba_yc_l,cwhvm1_cw_yc_l,False,True,MHmm1_BA+YC,CWHvm1_CW+YC,L,L,MHmm1,CWHvm1,BA+YC,CW+YC,15,109.02341,1293.870013
cwhvm2_cw_yc_m,cwhvm1_cw_yc_m,False,True,CWHvm2_CW+YC,CWHvm1_CW+YC,M,M,CWHvm2,CWHvm1,CW+YC,CW+YC,11,106.228708,285.012202
cwhvh1_cw_yc_l,cwhvm1_cw_yc_l,False,True,CWHvh1_CW+YC,CWHvm1_CW+YC,L,L,CWHvh1,CWHvm1,CW+YC,CW+YC,22,103.365402,1293.870013
mhmm1_hm_yc_l,cwhvm1_cw_yc_l,False,True,MHmm1_HM+YC,CWHvm1_CW+YC,L,L,MHmm1,CWHvm1,HM+YC,CW+YC,14,101.963667,1293.870013
cwhvh1_ss_hw_m,cwhvm1_ss_hw_m,False,True,CWHvh1_SS+HW,CWHvm1_SS+HW,M,M,CWHvh1,CWHvm1,SS+HW,SS+HW,18,100.881499,519.509989
cwhvm1_fdc_cw_l,cwhvm1_yc_cw_l,False,True,CWHvm1_FDC+CW,CWHvm1_YC+CW,L,L,CWHvm1,CWHvm1,FDC+CW,YC+CW,12,99.502415,373.090164
cwhvm2_yc_pl_l,cwhvm2_yc_hw_l,False,True,CWHvm2_YC+PL,CWHvm2_YC+HW,L,L,CWHvm2,CWHvm2,YC+PL,YC+HW,2,98.359626,398.830202
cwhvm1_cw_plc_l,cwhvm1_cw_yc_l,False,True,CWHvm1_CW+PLC,CWHvm1_CW+YC,L,L,CWHvm1,CWHvm1,CW+PLC,CW+YC,12,96.570206,1293.870013
cwhvm2_yc_cw_l,cwhvm2_yc_hw_l,False,True,CWHvm2_YC+CW,CWHvm2_YC+HW,L,L,CWHvm2,CWHvm2,YC+CW,YC+HW,14,95.992262,398.830202
cwhvm2_hw_dr_h,cwhvm1_hw_dr_h,False,True,CWHvm2_HW+DR,CWHvm1_HW+DR,H,H,CWHvm2,CWHvm1,HW+DR,HW+DR,7,91.737851,949.516627
cwhvm1_fd_h,cwhvm1_hw_h,False,True,CWHvm1_FD,CWHvm1_HW,H,H,CWHvm1,CWHvm1,FD,HW,4,90.939978,1645.046704
cwhvm1_ss_cw_l,cwhvm1_ss_hw_l,False,True,CWHvm1_SS+CW,CWHvm1_SS+HW,L,L,CWHvm1,CWHvm1,SS+CW,SS+HW,13,90.710927,541.878934
cwhvm1_cw_fdc_l,cwhvm1_hw_fdc_l,False,True,CWHvm1_CW+FDC,CWHvm1_HW+FDC,L,L,CWHvm1,CWHvm1,CW+FDC,HW+FDC,10,89.448746,1288.9352
cwhvm2_yc_ba_m,cwhvm2_hw_ba_m,False,True,CWHvm2_YC+BA,CWHvm2_HW+BA,M,M,CWHvm2,CWHvm2,YC+BA,HW+BA,13,88.178004,2418.081584
cwhvm2_ba_hm_h,cwhvm2_ba_hw_h,False,True,CWHvm2_BA+HM,CWHvm2_BA+HW,H,H,CWHvm2,CWHvm2,BA+HM,BA+HW,3,86.295152,350.789044
mhmm1_hw_yc_l,cwhvm1_cw_yc_l,False,True,MHmm1_HW+YC,CWHvm1_CW+YC,L,L,MHmm1,CWHvm1,HW+YC,CW+YC,11,83.685244,1293.870013
mhmm1_ba_yc_h,cwhvm1_cw_yc_h,False,True,MHmm1_BA+YC,CWHvm1_CW+YC,H,H,MHmm1,CWHvm1,BA+YC,CW+YC,7,81.186927,485.666198
cwhvh1_cw_yc_h,cwhvm1_cw_yc_h,False,True,CWHvh1_CW+YC,CWHvm1_CW+YC,H,H,CWHvh1,CWHvm1,CW+YC,CW+YC,14,78.405408,485.666198
cwhvh1_hw_l,cwhvm1_hw_l,False,True,CWHvh1_HW,CWHvm1_HW,L,L,CWHvh1,CWHvm1,HW,HW,20,78.341033,1582.40532
cwhvm1_ss_cw_h,cwhvm1_ss_hw_h,False,True,CWHvm1_SS+CW,CWHvm1_SS+HW,H,H,CWHvm1,CWHvm1,SS+CW,SS+HW,9,77.994092,576.664115
mhmm1_yc_hm_m,cwhvm1_yc_hw_m,False,True,MHmm1_YC+HM,CWHvm1_YC+HW,M,M,MHmm1,CWHvm1,YC+HM,YC+HW,7,77.168483,202.046732
cwhvh1_ss_hw_l,cwhvm1_ss_hw_l,False,True,CWHvh1_SS+HW,CWHvm1_SS+HW,L,L,CWHvh1,CWHvm1,SS+HW,SS+HW,15,75.688924,541.878934
cwhvh1_ss_hw_h,cwhvm1_ss_hw_h,False,True,CWHvh1_SS+HW,CWHvm1_SS+HW,H,H,CWHvh1,CWHvm1,SS+HW,SS+HW,10,75.650842,576.664115
cwhvh1_cw_yc_m,cwhvm1_cw_yc_m,False,True,CWHvh1_CW+YC,CWHvm1_CW+YC,M,M,CWHvh1,CWHvm1,CW+YC,CW+YC,12,74.287773,285.012202
mhmm1_ba_hw_m,cwhvm1_ba_hw_m,False,True,MHmm1_BA+HW,CWHvm1_BA+HW,M,M,MHmm1,CWHvm1,BA+HW,BA+HW,10,74.144956,134.660517
cwhvh1_cw_l,cwhvm1_cw_l,False,True,CWHvh1_CW,CWHvm1_CW,L,L,CWHvh1,CWHvm1,CW,CW,17,74.09288,558.799848
mhmm1_yc_pl_m,cwhvm1_yc_cw_m,False,True,MHmm1_YC+PL,CWHvm1_YC+CW,M,M,MHmm1,CWHvm1,YC+PL,YC+CW,2,67.08638,300.492117
mhmm1_hw_yc_h,cwhvm1_cw_yc_h,False,True,MHmm1_HW+YC,CWHvm1_CW+YC,H,H,MHmm1,CWHvm1,HW+YC,CW+YC,9,66.565749,485.666198
cwhvh1_yc_cw_h,cwhvm1_yc_cw_h,False,True,CWHvh1_YC+CW,CWHvm1_YC+CW,H,H,CWHvh1,CWHvm1,YC+CW,YC+CW,6,63.939972,217.135653
cwhvh1_cw_m,cwhvm1_cw_m,False,True,CWHvh1_CW,CWHvm1_CW,M,M,CWHvh1,CWHvm1,CW,CW,14,63.686173,736.056723
mhmm1_ba_hm_l,cwhvm1_ba_hw_l,False,True,MHmm1_BA+HM,CWHvm1_BA+HW,L,L,MHmm1,CWHvm1,BA+HM,BA+HW,8,60.032059,255.663163
cwhvh1_yc_cw_m,cwhvm1_yc_cw_m,False,True,CWHvh1_YC+CW,CWHvm1_YC+CW,M,M,CWHvh1,CWHvm1,YC+CW,YC+CW,11,59.772015,300.492117
mhmm1_yc_ba_l,cwhvm1_hw_ba_l,False,True,MHmm1_YC+BA,CWHvm1_HW+BA,L,L,MHmm1,CWHvm1,YC+BA,HW+BA,9,56.577698,6328.040635
cwhvm2_yc_ba_l,cwhvm2_hw_ba_l,False,True,CWHvm2_YC+BA,CWHvm2_HW+BA,L,L,CWHvm2,CWHvm2,YC+BA,HW+BA,14,56.003419,3095.371233
cwhvm1_yc_h,cwhvm1_hw_h,False,True,CWHvm1_YC,CWHvm1_HW,H,H,CWHvm1,CWHvm1,YC,HW,4,55.848789,1645.046704
cwhvm1_cw_ba_l,cwhvm1_hw_ba_l,False,True,CWHvm1_CW+BA,CWHvm1_HW+BA,L,L,CWHvm1,CWHvm1,CW+BA,HW+BA,14,55.005903,6328.040635
cwhvh1_yc_hw_m,cwhvm1_yc_hw_m,False,True,CWHvh1_YC+HW,CWHvm1_YC+HW,M,M,CWHvh1,CWHvm1,YC+HW,YC+HW,3,54.850735,202.046732
cwhvm1_hm_yc_h,cwhvm1_cw_yc_h,False,True,CWHvm1_HM+YC,CWHvm1_CW+YC,H,H,CWHvm1,CWHvm1,HM+YC,CW+YC,7,54.287579,485.666198
cwhvh1_yc_cw_l,cwhvm1_yc_cw_l,False,True,CWHvh1_YC+CW,CWHvm1_YC+CW,L,L,CWHvh1,CWHvm1,YC+CW,YC+CW,12,54.249333,373.090164
cwhvm2_hw_dr_l,cwhvm1_hw_dr_l,False,True,CWHvm2_HW+DR,CWHvm1_HW+DR,L,L,CWHvm2,CWHvm1,HW+DR,HW+DR,8,52.43667,983.327431
mhmm1_yc_hm_h,cwhvm1_yc_hw_h,False,True,MHmm1_YC+HM,CWHvm1_YC+HW,H,H,MHmm1,CWHvm1,YC+HM,YC+HW,4,52.061735,138.594908
cwhvm2_cw_m,cwhvm1_cw_m,False,True,CWHvm2_CW,CWHvm1_CW,M,M,CWHvm2,CWHvm1,CW,CW,9,50.914332,736.056723
cwhvm1_fdc_hw_m,cwhvm1_dr_hw_m,False,True,CWHvm1_FDC+HW,CWHvm1_DR+HW,M,M,CWHvm1,CWHvm1,FDC+HW,DR+HW,7,50.742178,354.077189
cwhvm2_ba_yc_l,cwhvm2_ba_hw_l,False,True,CWHvm2_BA+YC,CWHvm2_BA+HW,L,L,CWHvm2,CWHvm2,BA+YC,BA+HW,9,50.4192,345.036288
cwhvm1_cw_ss_h,cwhvm1_hw_ss_h,False,True,CWHvm1_CW+SS,CWHvm1_HW+SS,H,H,CWHvm1,CWHvm1,CW+SS,HW+SS,6,50.094683,2240.217819
cwhvm2_yc_ba_h,cwhvm2_hw_ba_h,False,True,CWHvm2_YC+BA,CWHvm2_HW+BA,H,H,CWHvm2,CWHvm2,YC+BA,HW+BA,8,49.366082,3577.020254
cwhvm1_cw_fdc_h,cwhvm1_hw_fdc_h,False,True,CWHvm1_CW+FDC,CWHvm1_HW+FDC,H,H,CWHvm1,CWHvm1,CW+FDC,HW+FDC,6,48.793295,888.764635
cwhvm1_hm_yc_l,cwhvm1_cw_yc_l,False,True,CWHvm1_HM+YC,CWHvm1_CW+YC,L,L,CWHvm1,CWHvm1,HM+YC,CW+YC,11,48.197251,1293.870013
cwhvm1_yc_pl_m,cwhvm1_yc_cw_m,False,True,CWHvm1_YC+PL,CWHvm1_YC+CW,M,M,CWHvm1,CWHvm1,YC+PL,YC+CW,10,48.079229,300.492117
cwhvm2_cw_h,cwhvm1_cw_h,False,True,CWHvm2_CW,CWHvm1_CW,H,H,CWHvm2,CWHvm1,CW,CW,12,47.575275,1331.281287
cwhvh1_yc_hw_h,cwhvm1_yc_hw_h,False,True,CWHvh1_YC+HW,CWHvm1_YC+HW,H,H,CWHvh1,CWHvm1,YC+HW,YC+HW,2,46.42655,138.594908
cwhvh1_hw_dr_h,cwhvm1_hw_dr_h,False,True,CWHvh1_HW+DR,CWHvm1_HW+DR,H,H,CWHvh1,CWHvm1,HW+DR,HW+DR,9,44.504383,949.516627
mhmm1_yc_hw_h,cwhvm1_yc_hw_h,False,True,MHmm1_YC+HW,CWHvm1_YC+HW,H,H,MHmm1,CWHvm1,YC+HW,YC+HW,7,43.947364,138.594908
mhmm1_ba_hw_h,cwhvm1_ba_hw_h,False,True,MHmm1_BA+HW,CWHvm1_BA+HW,H,H,MHmm1,CWHvm1,BA+HW,BA+HW,9,43.925595,311.257048
cwhvm1_dr_cw_l,cwhvm1_dr_hw_l,False,True,CWHvm1_DR+CW,CWHvm1_DR+HW,L,L,CWHvm1,CWHvm1,DR+CW,DR+HW,6,43.305532,463.173065
cwhvm1_cw_dr_l,cwhvm1_hw_dr_l,False,True,CWHvm1_CW+DR,CWHvm1_HW+DR,L,L,CWHvm1,CWHvm1,CW+DR,HW+DR,6,43.269629,983.327431
cwhvm2_yc_cw_h,cwhvm2_yc_hw_h,False,True,CWHvm2_YC+CW,CWHvm2_YC+HW,H,H,CWHvm2,CWHvm2,YC+CW,YC+HW,11,42.750142,351.523571
mhmm1_yc_ba_h,cwhvm1_hw_ba_h,False,True,MHmm1_YC+BA,CWHvm1_HW+BA,H,H,MHmm1,CWHvm1,YC+BA,HW+BA,5,42.426178,6336.709216
cwhvm1_ba_cw_h,cwhvm1_ba_hw_h,False,True,CWHvm1_BA+CW,CWHvm1_BA+HW,H,H,CWHvm1,CWHvm1,BA+CW,BA+HW,3,42.391591,311.257048
cwhvm2_ba_yc_m,cwhvm2_ba_hw_m,False,True,CWHvm2_BA+YC,CWHvm2_BA+HW,M,M,CWHvm2,CWHvm2,BA+YC,BA+HW,6,41.538247,737.724583
cwhvm1_dr_ss_l,cwhvm1_hw_ss_l,False,True,CWHvm1_DR+SS,CWHvm1_HW+SS,L,L,CWHvm1,CWHvm1,DR+SS,HW+SS,11,40.297872,4135.63912
cwhvh1_cw_ba_l,cwhvh1_hw_ba_l,False,True,CWHvh1_CW+BA,CWHvh1_HW+BA,L,L,CWHvh1,CWHvh1,CW+BA,HW+BA,2,39.133014,467.414274
cwhvm2_fd_h,cwhvm1_hw_h,False,True,CWHvm2_FD,CWHvm1_HW,H,H,CWHvm2,CWHvm1,FD,HW,2,39.068442,1645.046704
mhmm1_hm_ba_m,cwhvm1_hw_ba_m,False,True,MHmm1_HM+BA,CWHvm1_HW+BA,M,M,MHmm1,CWHvm1,HM+BA,HW+BA,4,37.82069,13083.871387
cwhvm2_ba_hm_l,cwhvm2_ba_hw_l,False,True,CWHvm2_BA+HM,CWHvm2_BA+HW,L,L,CWHvm2,CWHvm2,BA+HM,BA+HW,3,35.731667,345.036288
cwhvh1_dr_hw_h,cwhvm1_dr_hw_h,False,True,CWHvh1_DR+HW,CWHvm1_DR+HW,H,H,CWHvh1,CWHvm1,DR+HW,DR+HW,6,35.703473,620.529576
cwhvm1_ss_l,cwhvm1_hw_l,False,True,CWHvm1_SS,CWHvm1_HW,L,L,CWHvm1,CWHvm1,SS,HW,4,35.699306,1582.40532
cwhvm1_cw_dr_h,cwhvm1_hw_dr_h,False,True,CWHvm1_CW+DR,CWHvm1_HW+DR,H,H,CWHvm1,CWHvm1,CW+DR,HW+DR,5,35.129849,949.516627
cwhvh1_hw_m,cwhvm1_hw_m,False,True,CWHvh1_HW,CWHvm1_HW,M,M,CWHvh1,CWHvm1,HW,HW,13,34.437796,4138.939451
cwhvm1_cw_dr_m,cwhvm1_hw_dr_m,False,True,CWHvm1_CW+DR,CWHvm1_HW+DR,M,M,CWHvm1,CWHvm1,CW+DR,HW+DR,7,34.138374,1157.28499
mhmm1_ba_hm_h,cwhvm1_ba_hw_h,False,True,MHmm1_BA+HM,CWHvm1_BA+HW,H,H,MHmm1,CWHvm1,BA+HM,BA+HW,2,33.300403,311.257048
cwhvm2_hw_hm_h,cwhvm2_hw_ba_h,False,True,CWHvm2_HW+HM,CWHvm2_HW+BA,H,H,CWHvm2,CWHvm2,HW+HM,HW+BA,1,33.267401,3577.020254
cwhvh1_ba_hw_h,cwhvm1_ba_hw_h,False,True,CWHvh1_BA+HW,CWHvm1_BA+HW,H,H,CWHvh1,CWHvm1,BA+HW,BA+HW,2,33.092961,311.257048
cwhvm2_cw_l,cwhvm1_cw_l,False,True,CWHvm2_CW,CWHvm1_CW,L,L,CWHvm2,CWHvm1,CW,CW,12,32.963435,558.799848
cwhvm2_ba_yc_h,cwhvm2_hw_yc_h,False,True,CWHvm2_BA+YC,CWHvm2_HW+YC,H,H,CWHvm2,CWHvm2,BA+YC,HW+YC,9,32.54476,387.20452
mhmm1_hm_yc_h,cwhvm1_cw_yc_h,False,True,MHmm1_HM+YC,CWHvm1_CW+YC,H,H,MHmm1,CWHvm1,HM+YC,CW+YC,6,30.879195,485.666198
cwhvm2_hw_fdc_m,cwhvm1_hw_fdc_l,False,True,CWHvm2_HW+FDC,CWHvm1_HW+FDC,M,L,CWHvm2,CWHvm1,HW+FDC,HW+FDC,2,30.742934,1288.9352
cwhvm1_pl_cw_h,cwhvm1_hw_cw_h,False,True,CWHvm1_PL+CW,CWHvm1_HW+CW,H,H,CWHvm1,CWHvm1,PL+CW,HW+CW,4,29.863933,2899.431292
cwhvm2_hw_dr_m,cwhvm1_hw_dr_m,False,True,CWHvm2_HW+DR,CWHvm1_HW+DR,M,M,CWHvm2,CWHvm1,HW+DR,HW+DR,5,29.73143,1157.28499
cwhvm1_dr_cw_m,cwhvm1_dr_hw_m,False,True,CWHvm1_DR+CW,CWHvm1_DR+HW,M,M,CWHvm1,CWHvm1,DR+CW,DR+HW,9,28.065131,354.077189
cwhvh1_cw_ss_l,cwhvh1_hw_ss_l,False,True,CWHvh1_CW+SS,CWHvh1_HW+SS,L,L,CWHvh1,CWHvh1,CW+SS,HW+SS,9,28.033341,265.087958
cwhvm2_ba_cw_l,cwhvm2_ba_hw_l,False,True,CWHvm2_BA+CW,CWHvm2_BA+HW,L,L,CWHvm2,CWHvm2,BA+CW,BA+HW,3,28.016489,345.036288
cwhvh1_hw_fd_l,cwhvm1_hw_fd_l,False,True,CWHvh1_HW+FD,CWHvm1_HW+FD,L,L,CWHvh1,CWHvm1,HW+FD,HW+FD,2,27.505753,401.313888
cwhvm1_ss_dr_l,cwhvm1_hw_dr_l,False,True,CWHvm1_SS+DR,CWHvm1_HW+DR,L,L,CWHvm1,CWHvm1,SS+DR,HW+DR,6,27.064091,983.327431
cwhvm1_fdc_dr_l,cwhvm1_hw_dr_l,False,True,CWHvm1_FDC+DR,CWHvm1_HW+DR,L,L,CWHvm1,CWHvm1,FDC+DR,HW+DR,1,26.969072,983.327431
cwhvm1_ss_h,cwhvm1_hw_h,False,True,CWHvm1_SS,CWHvm1_HW,H,H,CWHvm1,CWHvm1,SS,HW,3,26.872267,1645.046704
cwhvm1_ss_cw_m,cwhvm1_ss_hw_m,False,True,CWHvm1_SS+CW,CWHvm1_SS+HW,M,M,CWHvm1,CWHvm1,SS+CW,SS+HW,5,26.199465,519.509989
cwhvh1_ss_dr_h,cwhvm1_hw_dr_h,False,True,CWHvh1_SS+DR,CWHvm1_HW+DR,H,H,CWHvh1,CWHvm1,SS+DR,HW+DR,1,26.095362,949.516627
cwhvh1_dr_hw_m,cwhvm1_dr_hw_m,False,True,CWHvh1_DR+HW,CWHvm1_DR+HW,M,M,CWHvh1,CWHvm1,DR+HW,DR+HW,6,25.523978,354.077189
cwhvm2_yc_fdc_m,cwhvm2_yc_hw_m,False,True,CWHvm2_YC+FDC,CWHvm2_YC+HW,M,M,CWHvm2,CWHvm2,YC+FDC,YC+HW,2,25.254206,65.403134
mhmm1_yc_hw_m,cwhvm1_yc_hw_m,False,True,MHmm1_YC+HW,CWHvm1_YC+HW,M,M,MHmm1,CWHvm1,YC+HW,YC+HW,4,25.200728,202.046732
cwhvm2_hw_fd_l,cwhvm1_hw_fd_l,False,True,CWHvm2_HW+FD,CWHvm1_HW+FD,L,L,CWHvm2,CWHvm1,HW+FD,HW+FD,4,24.536182,401.313888
cwhvm2_fdc_dr_l,cwhvm1_hw_dr_l,False,True,CWHvm2_FDC+DR,CWHvm1_HW+DR,L,L,CWHvm2,CWHvm1,FDC+DR,HW+DR,1,24.310655,983.327431
cwhvm1_cw_pw_l,cwhvm1_cw_hw_l,False,True,CWHvm1_CW+PW,CWHvm1_CW+HW,L,L,CWHvm1,CWHvm1,CW+PW,CW+HW,1,24.173186,6107.943901
cwhvm2_hm_ba_l,cwhvm2_hw_ba_l,False,True,CWHvm2_HM+BA,CWHvm2_HW+BA,L,L,CWHvm2,CWHvm2,HM+BA,HW+BA,7,24.138709,3095.371233
cwhvh1_hw_dr_m,cwhvm1_hw_dr_m,False,True,CWHvh1_HW+DR,CWHvm1_HW+DR,M,M,CWHvh1,CWHvm1,HW+DR,HW+DR,7,24.096388,1157.28499
cwhvm1_yc_hm_m,cwhvm1_yc_hw_m,False,True,CWHvm1_YC+HM,CWHvm1_YC+HW,M,M,CWHvm1,CWHvm1,YC+HM,YC+HW,5,23.83159,202.046732
cwhvm1_fdc_ss_h,cwhvm1_hw_ss_h,False,True,CWHvm1_FDC+SS,CWHvm1_HW+SS,H,H,CWHvm1,CWHvm1,FDC+SS,HW+SS,1,23.57114,2240.217819
cwhvm1_dr_ss_h,cwhvm1_hw_ss_h,False,True,CWHvm1_DR+SS,CWHvm1_HW+SS,H,H,CWHvm1,CWHvm1,DR+SS,HW+SS,8,23.554649,2240.217819
cwhvh1_cw_ss_h,cwhvh1_hw_ss_h,False,True,CWHvh1_CW+SS,CWHvh1_HW+SS,H,H,CWHvh1,CWHvh1,CW+SS,HW+SS,5,23.431873,376.075834
cwhvm2_hw_fd_h,cwhvm1_hw_fd_h,False,True,CWHvm2_HW+FD,CWHvm1_HW+FD,H,H,CWHvm2,CWHvm1,HW+FD,HW+FD,2,23.118184,812.542221
mhmm1_hw_yc_m,cwhvm1_cw_yc_m,False,True,MHmm1_HW+YC,CWHvm1_CW+YC,M,M,MHmm1,CWHvm1,HW+YC,CW+YC,4,22.953551,285.012202
cwhvm1_cw_plc_h,cwhvm1_cw_yc_h,False,True,CWHvm1_CW+PLC,CWHvm1_CW+YC,H,H,CWHvm1,CWHvm1,CW+PLC,CW+YC,2,22.941417,485.666198
mhmm1_hm_ba_h,cwhvm1_hw_ba_h,False,True,MHmm1_HM+BA,CWHvm1_HW+BA,H,H,MHmm1,CWHvm1,HM+BA,HW+BA,2,22.910257,6336.709216
cwhvm1_fdc_pw_l,cwhvm1_yc_hw_l,False,True,CWHvm1_FDC+PW,CWHvm1_YC+HW,L,L,CWHvm1,CWHvm1,FDC+PW,YC+HW,1,22.808609,585.006343
cwhvm2_hm_ba_h,cwhvm2_hw_ba_h,False,True,CWHvm2_HM+BA,CWHvm2_HW+BA,H,H,CWHvm2,CWHvm2,HM+BA,HW+BA,7,22.80008,3577.020254
cwhvh1_dr_hw_l,cwhvm1_dr_hw_l,False,True,CWHvh1_DR+HW,CWHvm1_DR+HW,L,L,CWHvh1,CWHvm1,DR+HW,DR+HW,6,22.776487,463.173065
cwhvm1_pli_sx_m,cwhvm1_hw_ss_m,False,True,CWHvm1_PLI+SX,CWHvm1_HW+SS,M,M,CWHvm1,CWHvm1,PLI+SX,HW+SS,2,22.381265,928.457868
cwhvm1_fd_l,cwhvm1_hw_l,False,True,CWHvm1_FD,CWHvm1_HW,L,L,CWHvm1,CWHvm1,FD,HW,5,21.861791,1582.40532
cwhvm2_dr_hw_h,cwhvm1_dr_hw_h,False,True,CWHvm2_DR+HW,CWHvm1_DR+HW,H,H,CWHvm2,CWHvm1,DR+HW,DR+HW,3,20.851129,620.529576
cwhvm1_hw_fdi_l,cwhvm1_hw_fdc_l,False,True,CWHvm1_HW+FDI,CWHvm1_HW+FDC,L,L,CWHvm1,CWHvm1,HW+FDI,HW+FDC,1,20.651509,1288.9352
cwhvm2_cw_dr_l,cwhvm1_hw_dr_l,False,True,CWHvm2_CW+DR,CWHvm1_HW+DR,L,L,CWHvm2,CWHvm1,CW+DR,HW+DR,2,20.618397,983.327431
mhmm1_cw_hw_l,cwhvm1_cw_hw_l,False,True,MHmm1_CW+HW,CWHvm1_CW+HW,L,L,MHmm1,CWHvm1,CW+HW,CW+HW,4,19.72763,6107.943901
cwhvh1_cw_dr_l,cwhvh1_cw_hw_l,False,True,CWHvh1_CW+DR,CWHvh1_CW+HW,L,L,CWHvh1,CWHvh1,CW+DR,CW+HW,2,19.695209,1104.143424
cwhvh1_ss_cw_m,cwhvm1_ss_hw_m,False,True,CWHvh1_SS+CW,CWHvm1_SS+HW,M,M,CWHvh1,CWHvm1,SS+CW,SS+HW,2,19.546775,519.509989
cwhvm2_fdc_hw_l,cwhvm2_yc_hw_l,False,True,CWHvm2_FDC+HW,CWHvm2_YC+HW,L,L,CWHvm2,CWHvm2,FDC+HW,YC+HW,1,19.496536,398.830202
cwhvm1_ss_fdc_l,cwhvm1_hw_fdc_l,False,True,CWHvm1_SS+FDC,CWHvm1_HW+FDC,L,L,CWHvm1,CWHvm1,SS+FDC,HW+FDC,1,19.296924,1288.9352
mhmm1_hm_ba_l,cwhvm1_hw_ba_l,False,True,MHmm1_HM+BA,CWHvm1_HW+BA,L,L,MHmm1,CWHvm1,HM+BA,HW+BA,3,18.697052,6328.040635
cwhvm1_cw_hm_l,cwhvm1_cw_hw_l,False,True,CWHvm1_CW+HM,CWHvm1_CW+HW,L,L,CWHvm1,CWHvm1,CW+HM,CW+HW,2,18.310785,6107.943901
cwhvm1_ss_dr_m,cwhvm1_hw_dr_m,False,True,CWHvm1_SS+DR,CWHvm1_HW+DR,M,M,CWHvm1,CWHvm1,SS+DR,HW+DR,4,18.01144,1157.28499
cwhvm1_ss_dr_h,cwhvm1_hw_dr_h,False,True,CWHvm1_SS+DR,CWHvm1_HW+DR,H,H,CWHvm1,CWHvm1,SS+DR,HW+DR,6,17.980361,949.516627
cwhvm1_pl_yc_l,cwhvm1_cw_yc_l,False,True,CWHvm1_PL+YC,CWHvm1_CW+YC,L,L,CWHvm1,CWHvm1,PL+YC,CW+YC,1,17.898366,1293.870013
cwhvm2_cw_fdc_h,cwhvm1_hw_fdc_h,False,True,CWHvm2_CW+FDC,CWHvm1_HW+FDC,H,H,CWHvm2,CWHvm1,CW+FDC,HW+FDC,1,17.535693,888.764635
cwhvm2_ba_cw_m,cwhvm2_ba_hw_m,False,True,CWHvm2_BA+CW,CWHvm2_BA+HW,M,M,CWHvm2,CWHvm2,BA+CW,BA+HW,1,17.239776,737.724583
cwhvm2_hw_ss_l,cwhvm1_hw_ss_l,False,True,CWHvm2_HW+SS,CWHvm1_HW+SS,L,L,CWHvm2,CWHvm1,HW+SS,HW+SS,2,17.169434,4135.63912
cwhvh1_ss_cw_h,cwhvh1_hw_cw_h,False,True,CWHvh1_SS+CW,CWHvh1_HW+CW,H,H,CWHvh1,CWHvh1,SS+CW,HW+CW,2,16.803094,858.724563
cwhvm1_dr_fd_l,cwhvm1_dr_hw_l,False,True,CWHvm1_DR+FD,CWHvm1_DR+HW,L,L,CWHvm1,CWHvm1,DR+FD,DR+HW,1,16.661973,463.173065
cwhvm2_sx_fdi_l,cwhvm1_hw_fdc_l,False,True,CWHvm2_SX+FDI,CWHvm1_HW+FDC,L,L,CWHvm2,CWHvm1,SX+FDI,HW+FDC,1,16.5283,1288.9352
cwhvm2_hm_ba_m,cwhvm2_hw_ba_m,False,True,CWHvm2_HM+BA,CWHvm2_HW+BA,M,M,CWHvm2,CWHvm2,HM+BA,HW+BA,5,16.051181,2418.081584
cwhvm2_fdc_ba_l,cwhvm2_hw_ba_l,False,True,CWHvm2_FDC+BA,CWHvm2_HW+BA,L,L,CWHvm2,CWHvm2,FDC+BA,HW+BA,2,15.726265,3095.371233
cwhvm1_cw_hm_m,cwhvm1_cw_hw_m,False,True,CWHvm1_CW+HM,CWHvm1_CW+HW,M,M,CWHvm1,CWHvm1,CW+HM,CW+HW,1,15.588223,4015.120247
cwhvm1_dr_cw_h,cwhvm1_dr_hw_h,False,True,CWHvm1_DR+CW,CWHvm1_DR+HW,H,H,CWHvm1,CWHvm1,DR+CW,DR+HW,3,15.26556,620.529576
cwhvm1_yc_pl_h,cwhvm1_yc_cw_h,False,True,CWHvm1_YC+PL,CWHvm1_YC+CW,H,H,CWHvm1,CWHvm1,YC+PL,YC+CW,5,15.182932,217.135653
mhmm1_hm_yc_m,cwhvm1_cw_yc_m,False,True,MHmm1_HM+YC,CWHvm1_CW+YC,M,M,MHmm1,CWHvm1,HM+YC,CW+YC,4,15.085226,285.012202
cwhvm1_cw_hm_h,cwhvm1_cw_hw_h,False,True,CWHvm1_CW+HM,CWHvm1_CW+HW,H,H,CWHvm1,CWHvm1,CW+HM,CW+HW,2,14.873017,6154.404369
mhmm1_yc_hm_l,cwhvm1_yc_hw_l,False,True,MHmm1_YC+HM,CWHvm1_YC+HW,L,L,MHmm1,CWHvm1,YC+HM,YC+HW,6,14.872596,585.006343
cwhvm1_cw_fd_l,cwhvm1_hw_fd_l,False,True,CWHvm1_CW+FD,CWHvm1_HW+FD,L,L,CWHvm1,CWHvm1,CW+FD,HW+FD,1,14.815714,401.313888
cwhvm1_ba_yc_l,cwhvm1_cw_yc_l,False,True,CWHvm1_BA+YC,CWHvm1_CW+YC,L,L,CWHvm1,CWHvm1,BA+YC,CW+YC,1,14.543416,1293.870013
mhmm1_hw_cw_l,cwhvm1_hw_cw_l,False,True,MHmm1_HW+CW,CWHvm1_HW+CW,L,L,MHmm1,CWHvm1,HW+CW,HW+CW,2,14.457255,7117.880299
cwhvm2_hw_ss_h,cwhvm1_hw_ss_h,False,True,CWHvm2_HW+SS,CWHvm1_HW+SS,H,H,CWHvm2,CWHvm1,HW+SS,HW+SS,2,14.350215,2240.217819
mhmm1_yc_h,cwhvm1_hw_h,False,True,MHmm1_YC,CWHvm1_HW,H,H,MHmm1,CWHvm1,YC,HW,3,14.322054,1645.046704
cwhvm2_ba_cw_h,cwhvm2_ba_hw_h,False,True,CWHvm2_BA+CW,CWHvm2_BA+HW,H,H,CWHvm2,CWHvm2,BA+CW,BA+HW,3,13.9121,350.789044
cwhvm1_dr_ss_m,cwhvm1_hw_ss_m,False,True,CWHvm1_DR+SS,CWHvm1_HW+SS,M,M,CWHvm1,CWHvm1,DR+SS,HW+SS,7,13.551566,928.457868
cwhvm1_pl_cw_l,cwhvm1_hw_cw_l,False,True,CWHvm1_PL+CW,CWHvm1_HW+CW,L,L,CWHvm1,CWHvm1,PL+CW,HW+CW,4,13.03164,7117.880299
cwhvm2_hw_fdc_h,cwhvm1_hw_fdc_h,False,True,CWHvm2_HW+FDC,CWHvm1_HW+FDC,H,H,CWHvm2,CWHvm1,HW+FDC,HW+FDC,2,12.801049,888.764635
cwhvh1_yc_hw_l,cwhvm1_yc_hw_l,False,True,CWHvh1_YC+HW,CWHvm1_YC+HW,L,L,CWHvh1,CWHvm1,YC+HW,YC+HW,3,12.65595,585.006343
cwhvh1_ss_cw_l,cwhvh1_hw_cw_l,False,True,CWHvh1_SS+CW,CWHvh1_HW+CW,L,L,CWHvh1,CWHvh1,SS+CW,HW+CW,2,12.632624,749.479196
cwhvh1_dr_l,cwhvm1_dr_l,False,True,CWHvh1_DR,CWHvm1_DR,L,L,CWHvh1,CWHvm1,DR,DR,5,12.529475,342.368985
cwhvh1_cw_dr_h,cwhvh1_cw_hw_h,False,True,CWHvh1_CW+DR,CWHvh1_CW+HW,H,H,CWHvh1,CWHvh1,CW+DR,CW+HW,2,12.524962,1076.780452
mhmm1_cw_hw_m,cwhvm1_cw_hw_m,False,True,MHmm1_CW+HW,CWHvm1_CW+HW,M,M,MHmm1,CWHvm1,CW+HW,CW+HW,3,12.460449,4015.120247
cwhvm2_cw_dr_m,cwhvm1_hw_dr_m,False,True,CWHvm2_CW+DR,CWHvm1_HW+DR,M,M,CWHvm2,CWHvm1,CW+DR,HW+DR,2,12.376592,1157.28499
cwhvh1_dr_m,cwhvm1_dr_m,False,True,CWHvh1_DR,CWHvm1_DR,M,M,CWHvh1,CWHvm1,DR,DR,5,12.166177,138.340811
cwhvm1_yc_ba_h,cwhvm1_hw_ba_h,False,True,CWHvm1_YC+BA,CWHvm1_HW+BA,H,H,CWHvm1,CWHvm1,YC+BA,HW+BA,1,12.158754,6336.709216
cwhvm2_fdc_l,cwhvm1_dr_l,False,True,CWHvm2_FDC,CWHvm1_DR,L,L,CWHvm2,CWHvm1,FDC,DR,1,12.133032,342.368985
cwhvm1_ss_m,cwhvm1_hw_m,False,True,CWHvm1_SS,CWHvm1_HW,M,M,CWHvm1,CWHvm1,SS,HW,4,11.798551,4138.939451
cwhvm1_ss_ba_l,cwhvm1_hw_ba_l,False,True,CWHvm1_SS+BA,CWHvm1_HW+BA,L,L,CWHvm1,CWHvm1,SS+BA,HW+BA,4,11.796966,6328.040635
cwhvm2_hw_fdc_l,cwhvm1_hw_fdc_l,False,True,CWHvm2_HW+FDC,CWHvm1_HW+FDC,L,L,CWHvm2,CWHvm1,HW+FDC,HW+FDC,2,11.431529,1288.9352
cwhvh1_dr_h,cwhvm1_dr_h,False,True,CWHvh1_DR,CWHvm1_DR,H,H,CWHvh1,CWHvm1,DR,DR,5,11.404313,308.751729
cwhvm2_yc_pl_h,cwhvm2_yc_hw_h,False,True,CWHvm2_YC+PL,CWHvm2_YC+HW,H,H,CWHvm2,CWHvm2,YC+PL,YC+HW,1,11.178733,351.523571
cwhvm2_ss_hw_l,cwhvm1_ss_hw_l,False,True,CWHvm2_SS+HW,CWHvm1_SS+HW,L,L,CWHvm2,CWHvm1,SS+HW,SS+HW,1,10.906611,541.878934
cwhvm2_yc_h,cwhvm1_hw_h,False,True,CWHvm2_YC,CWHvm1_HW,H,H,CWHvm2,CWHvm1,YC,HW,3,10.815182,1645.046704
cwhvm2_hm_cw_l,cwhvm2_hw_cw_l,False,True,CWHvm2_HM+CW,CWHvm2_HW+CW,L,L,CWHvm2,CWHvm2,HM+CW,HW+CW,3,10.699784,726.648803
cwhvm1_ba_cw_l,cwhvm1_ba_hw_l,False,True,CWHvm1_BA+CW,CWHvm1_BA+HW,L,L,CWHvm1,CWHvm1,BA+CW,BA+HW,3,10.400133,255.663163
cwhvm2_dr_hw_m,cwhvm1_dr_hw_m,False,True,CWHvm2_DR+HW,CWHvm1_DR+HW,M,M,CWHvm2,CWHvm1,DR+HW,DR+HW,3,10.35286,354.077189
cwhvh1_fd_cw_l,cwhvh1_hw_cw_l,False,True,CWHvh1_FD+CW,CWHvh1_HW+CW,L,L,CWHvh1,CWHvh1,FD+CW,HW+CW,2,10.330175,749.479196
cwhvm2_ba_hm_m,cwhvm2_ba_hw_m,False,True,CWHvm2_BA+HM,CWHvm2_BA+HW,M,M,CWHvm2,CWHvm2,BA+HM,BA+HW,3,10.303989,737.724583
mhmm1_yc_l,cwhvm1_hw_l,False,True,MHmm1_YC,CWHvm1_HW,L,L,MHmm1,CWHvm1,YC,HW,4,10.202629,1582.40532
cwhvm1_yc_l,cwhvm1_hw_l,False,True,CWHvm1_YC,CWHvm1_HW,L,L,CWHvm1,CWHvm1,YC,HW,5,10.007146,1582.40532
cwhvh1_ss_l,cwhvm1_hw_l,False,True,CWHvh1_SS,CWHvm1_HW,L,L,CWHvh1,CWHvm1,SS,HW,2,9.962806,1582.40532
cwhvm2_dr_h,cwhvm1_dr_h,False,True,CWHvm2_DR,CWHvm1_DR,H,H,CWHvm2,CWHvm1,DR,DR,4,9.356125,308.751729
cwhvm2_cw_hm_l,cwhvm2_cw_hw_l,False,True,CWHvm2_CW+HM,CWHvm2_CW+HW,L,L,CWHvm2,CWHvm2,CW+HM,CW+HW,1,9.288735,408.991977
mhmm1_yc_cw_h,cwhvm1_yc_cw_h,False,True,MHmm1_YC+CW,CWHvm1_YC+CW,H,H,MHmm1,CWHvm1,YC+CW,YC+CW,1,8.799992,217.135653
cwhvh1_dr_ss_h,cwhvh1_hw_ss_h,False,True,CWHvh1_DR+SS,CWHvh1_HW+SS,H,H,CWHvh1,CWHvh1,DR+SS,HW+SS,1,8.797887,376.075834
cwhvm1_fdc_cw_h,cwhvm1_yc_cw_h,False,True,CWHvm1_FDC+CW,CWHvm1_YC+CW,H,H,CWHvm1,CWHvm1,FDC+CW,YC+CW,1,8.702309,217.135653
cwhvm2_cw_ba_l,cwhvm2_hw_ba_l,False,True,CWHvm2_CW+BA,CWHvm2_HW+BA,L,L,CWHvm2,CWHvm2,CW+BA,HW+BA,2,8.483261,3095.371233
cwhvm1_hw_hw_h,cwhvm1_cw_hw_h,False,True,CWHvm1_HW+HW,CWHvm1_CW+HW,H,H,CWHvm1,CWHvm1,HW+HW,CW+HW,1,8.360071,6154.404369
cwhvh1_ss_h,cwhvm1_hw_h,False,True,CWHvh1_SS,CWHvm1_HW,H,H,CWHvh1,CWHvm1,SS,HW,2,7.642581,1645.046704
cwhvm2_hw_tw_l,cwhvm2_hw_cw_l,False,True,CWHvm2_HW+TW,CWHvm2_HW+CW,L,L,CWHvm2,CWHvm2,HW+TW,HW+CW,1,7.629416,726.648803
cwhvm1_dr_ba_l,cwhvm1_hw_ba_l,False,True,CWHvm1_DR+BA,CWHvm1_HW+BA,L,L,CWHvm1,CWHvm1,DR+BA,HW+BA,1,7.321343,6328.040635
cwhvh1_dr_ba_l,cwhvh1_hw_ba_l,False,True,CWHvh1_DR+BA,CWHvh1_HW+BA,L,L,CWHvh1,CWHvh1,DR+BA,HW+BA,1,7.224347,467.414274
cwhvm2_dr_l,cwhvm1_dr_l,False,True,CWHvm2_DR,CWHvm1_DR,L,L,CWHvm2,CWHvm1,DR,DR,4,7.134024,342.368985
cwhvm2_dr_hw_l,cwhvm1_dr_hw_l,False,True,CWHvm2_DR+HW,CWHvm1_DR+HW,L,L,CWHvm2,CWHvm1,DR+HW,DR+HW,3,7.119795,463.173065
cwhvm1_hw_plc_l,cwhvm1_hw_fdc_l,False,True,CWHvm1_HW+PLC,CWHvm1_HW+FDC,L,L,CWHvm1,CWHvm1,HW+PLC,HW+FDC,1,7.059915,1288.9352
cwhvm2_cw_dr_h,cwhvm1_hw_dr_h,False,True,CWHvm2_CW+DR,CWHvm1_HW+DR,H,H,CWHvm2,CWHvm1,CW+DR,HW+DR,1,6.974453,949.516627
cwhvm1_fd_m,cwhvm1_hw_m,False,True,CWHvm1_FD,CWHvm1_HW,M,M,CWHvm1,CWHvm1,FD,HW,3,6.582337,4138.939451
cwhvm2_hw_hm_l,cwhvm2_hw_ba_l,False,True,CWHvm2_HW+HM,CWHvm2_HW+BA,L,L,CWHvm2,CWHvm2,HW+HM,HW+BA,3,6.418133,3095.371233
cwhvm1_pl_l,cwhvm1_hw_l,False,True,CWHvm1_PL,CWHvm1_HW,L,L,CWHvm1,CWHvm1,PL,HW,1,6.30346,1582.40532
cwhvm1_fdc_ss_l,cwhvm1_hw_ss_l,False,True,CWHvm1_FDC+SS,CWHvm1_HW+SS,L,L,CWHvm1,CWHvm1,FDC+SS,HW+SS,1,6.260418,4135.63912
cmaunp_hw_cw_l,cwhvm1_hw_cw_l,False,True,CMAunp_HW+CW,CWHvm1_HW+CW,L,L,CMAunp,CWHvm1,HW+CW,HW+CW,1,6.153448,7117.880299
cwhvm1_cw_fd_h,cwhvm1_hw_fd_h,False,True,CWHvm1_CW+FD,CWHvm1_HW+FD,H,H,CWHvm1,CWHvm1,CW+FD,HW+FD,1,6.103261,812.542221
cwhvm2_yc_l,cwhvm1_hw_l,False,True,CWHvm2_YC,CWHvm1_HW,L,L,CWHvm2,CWHvm1,YC,HW,4,5.93998,1582.40532
cwhvm1_pl_hw_h,cwhvm1_cw_hw_h,False,True,CWHvm1_PL+HW,CWHvm1_CW+HW,H,H,CWHvm1,CWHvm1,PL+HW,CW+HW,1,5.904883,6154.404369
cwhvm1_hw_yc_h,cwhvm1_cw_yc_h,False,True,CWHvm1_HW+YC,CWHvm1_CW+YC,H,H,CWHvm1,CWHvm1,HW+YC,CW+YC,1,5.873023,485.666198
cwhvh1_dr_cw_h,cwhvh1_hw_cw_h,False,True,CWHvh1_DR+CW,CWHvh1_HW+CW,H,H,CWHvh1,CWHvh1,DR+CW,HW+CW,1,5.757372,858.724563
mhmm1_hw_l,cwhvm1_hw_l,False,True,MHmm1_HW,CWHvm1_HW,L,L,MHmm1,CWHvm1,HW,HW,1,5.715932,1582.40532
mhmm1_hw_cw_h,cwhvm1_hw_cw_h,False,True,MHmm1_HW+CW,CWHvm1_HW+CW,H,H,MHmm1,CWHvm1,HW+CW,HW+CW,2,5.695731,2899.431292
cwhvm1_hm_ba_h,cwhvm1_hw_ba_h,False,True,CWHvm1_HM+BA,CWHvm1_HW+BA,H,H,CWHvm1,CWHvm1,HM+BA,HW+BA,1,5.243639,6336.709216
cwhvm2_fd_l,cwhvm1_hw_l,False,True,CWHvm2_FD,CWHvm1_HW,L,L,CWHvm2,CWHvm1,FD,HW,2,5.198442,1582.40532
cwhvm1_ba_l,cwhvm1_hw_l,False,True,CWHvm1_BA,CWHvm1_HW,L,L,CWHvm1,CWHvm1,BA,HW,3,5.073632,1582.40532
cwhvm1_ac_dr_l,cwhvm1_hw_dr_l,False,True,CWHvm1_AC+DR,CWHvm1_HW+DR,L,L,CWHvm1,CWHvm1,AC+DR,HW+DR,1,4.826472,983.327431
cwhvm1_hw_hw_l,cwhvm1_hw_cw_l,False,True,CWHvm1_HW+HW,CWHvm1_HW+CW,L,L,CWHvm1,CWHvm1,HW+HW,HW+CW,1,4.822996,7117.880299
cwhvm1_pli_sx_h,cwhvm1_hw_ss_h,False,True,CWHvm1_PLI+SX,CWHvm1_HW+SS,H,H,CWHvm1,CWHvm1,PLI+SX,HW+SS,2,4.800179,2240.217819
cwhvh1_fd_hw_h,cwhvh1_cw_hw_h,False,True,CWHvh1_FD+HW,CWHvh1_CW+HW,H,H,CWHvh1,CWHvh1,FD+HW,CW+HW,1,4.755697,1076.780452
cwhvm1_dr_ac_l,cwhvm1_dr_hw_l,False,True,CWHvm1_DR+AC,CWHvm1_DR+HW,L,L,CWHvm1,CWHvm1,DR+AC,DR+HW,1,4.450945,463.173065
cwhvm1_pli_sx_l,cwhvm1_hw_ss_l,False,True,CWHvm1_PLI+SX,CWHvm1_HW+SS,L,L,CWHvm1,CWHvm1,PLI+SX,HW+SS,2,4.364153,4135.63912
cwhvm2_yc_fdc_l,cwhvm1_hw_fdc_l,False,True,CWHvm2_YC+FDC,CWHvm1_HW+FDC,L,L,CWHvm2,CWHvm1,YC+FDC,HW+FDC,1,4.337629,1288.9352
cwhvm2_dr_m,cwhvm1_dr_m,False,True,CWHvm2_DR,CWHvm1_DR,M,M,CWHvm2,CWHvm1,DR,DR,2,4.2711,138.340811
mhmm1_hm_l,cwhvm1_hw_l,False,True,MHmm1_HM,CWHvm1_HW,L,L,MHmm1,CWHvm1,HM,HW,1,4.188486,1582.40532
cwhvm2_pli_l,cwhvm1_hw_l,False,True,CWHvm2_PLI,CWHvm1_HW,L,L,CWHvm2,CWHvm1,PLI,HW,1,4.134814,1582.40532
cwhvm2_hw_ss_m,cwhvm1_hw_ss_m,False,True,CWHvm2_HW+SS,CWHvm1_HW+SS,M,M,CWHvm2,CWHvm1,HW+SS,HW+SS,1,4.085634,928.457868
cwhvh1_ba_ss_l,cwhvh1_hw_ss_l,False,True,CWHvh1_BA+SS,CWHvh1_HW+SS,L,L,CWHvh1,CWHvh1,BA+SS,HW+SS,1,4.062584,265.087958
cwhvm1_sx_bl_l,cwhvm1_hw_ba_l,False,True,CWHvm1_SX+BL,CWHvm1_HW+BA,L,L,CWHvm1,CWHvm1,SX+BL,HW+BA,1,3.99875,6328.040635
cwhvh1_ba_hw_l,cwhvm1_ba_hw_l,False,True,CWHvh1_BA+HW,CWHvm1_BA+HW,L,L,CWHvh1,CWHvm1,BA+HW,BA+HW,2,3.983301,255.663163
cwhvm1_pl_cw_m,cwhvm1_hw_cw_m,False,True,CWHvm1_PL+CW,CWHvm1_HW+CW,M,M,CWHvm1,CWHvm1,PL+CW,HW+CW,2,3.892393,14576.473609
cwhvh1_ba_cw_h,cwhvh1_hw_cw_h,False,True,CWHvh1_BA+CW,CWHvh1_HW+CW,H,H,CWHvh1,CWHvh1,BA+CW,HW+CW,1,3.882325,858.724563
cwhvm1_ac_ss_l,cwhvm1_hw_ss_l,False,True,CWHvm1_AC+SS,CWHvm1_HW+SS,L,L,CWHvm1,CWHvm1,AC+SS,HW+SS,1,3.856337,4135.63912
cwhvm2_cw_hm_h,cwhvm2_cw_hw_h,False,True,CWHvm2_CW+HM,CWHvm2_CW+HW,H,H,CWHvm2,CWHvm2,CW+HM,CW+HW,1,3.838062,548.518658
cwhvh1_cw_dr_m,cwhvm1_hw_dr_m,False,True,CWHvh1_CW+DR,CWHvm1_HW+DR,M,M,CWHvh1,CWHvm1,CW+DR,HW+DR,1,3.811334,1157.28499
cwhvm1_hm_yc_m,cwhvm1_cw_yc_m,False,True,CWHvm1_HM+YC,CWHvm1_CW+YC,M,M,CWHvm1,CWHvm1,HM+YC,CW+YC,2,3.754917,285.012202
cwhvh1_ba_hw_m,cwhvm1_ba_hw_m,False,True,CWHvh1_BA+HW,CWHvm1_BA+HW,M,M,CWHvh1,CWHvm1,BA+HW,BA+HW,1,3.666577,134.660517
cwhvm2_ba_dr_l,cwhvm2_ba_hw_l,False,True,CWHvm2_BA+DR,CWHvm2_BA+HW,L,L,CWHvm2,CWHvm2,BA+DR,BA+HW,1,3.602181,345.036288
mhmm1_yc_cw_l,cwhvm1_yc_cw_l,False,True,MHmm1_YC+CW,CWHvm1_YC+CW,L,L,MHmm1,CWHvm1,YC+CW,YC+CW,1,3.538968,373.090164
mhmm1_hw_h,cwhvm1_hw_h,False,True,MHmm1_HW,CWHvm1_HW,H,H,MHmm1,CWHvm1,HW,HW,1,3.524191,1645.046704
cwhvm1_hw_pl_l,cwhvm1_hw_cw_l,False,True,CWHvm1_HW+PL,CWHvm1_HW+CW,L,L,CWHvm1,CWHvm1,HW+PL,HW+CW,1,3.168138,7117.880299
cwhvh1_ss_dr_l,cwhvm1_hw_dr_l,False,True,CWHvh1_SS+DR,CWHvm1_HW+DR,L,L,CWHvh1,CWHvm1,SS+DR,HW+DR,1,3.05724,983.327431
cwhvm1_yc_fdc_l,cwhvm1_hw_fdc_l,False,True,CWHvm1_YC+FDC,CWHvm1_HW+FDC,L,L,CWHvm1,CWHvm1,YC+FDC,HW+FDC,1,3.027126,1288.9352
cwhvm2_cw_fdc_l,cwhvm1_hw_fdc_l,False,True,CWHvm2_CW+FDC,CWHvm1_HW+FDC,L,L,CWHvm2,CWHvm1,CW+FDC,HW+FDC,1,3.023024,1288.9352
cwhvm1_ac_hw_l,cwhvm1_yc_hw_l,False,True,CWHvm1_AC+HW,CWHvm1_YC+HW,L,L,CWHvm1,CWHvm1,AC+HW,YC+HW,1,2.948093,585.006343
cwhvm1_pl_sx_l,cwhvm1_hw_ss_l,False,True,CWHvm1_PL+SX,CWHvm1_HW+SS,L,L,CWHvm1,CWHvm1,PL+SX,HW+SS,1,2.931151,4135.63912
cwhvm2_fdc_yc_l,cwhvm2_hw_yc_l,False,True,CWHvm2_FDC+YC,CWHvm2_HW+YC,L,L,CWHvm2,CWHvm2,FDC+YC,HW+YC,1,2.766708,282.434482
cmaunp_yc_cw_l,cwhvm1_yc_cw_l,False,True,CMAunp_YC+CW,CWHvm1_YC+CW,L,L,CMAunp,CWHvm1,YC+CW,YC+CW,1,2.749719,373.090164
cwhvm1_mb_l,cwhvm1_hw_l,False,True,CWHvm1_MB,CWHvm1_HW,L,L,CWHvm1,CWHvm1,MB,HW,1,2.643573,1582.40532
cwhvm2_hw_hw_l,cwhvm2_hw_cw_l,False,True,CWHvm2_HW+HW,CWHvm2_HW+CW,L,L,CWHvm2,CWHvm2,HW+HW,HW+CW,1,2.596771,726.648803
cwhvm1_cw_ba_h,cwhvm1_hw_ba_h,False,True,CWHvm1_CW+BA,CWHvm1_HW+BA,H,H,CWHvm1,CWHvm1,CW+BA,HW+BA,2,2.266838,6336.709216
cwhvm2_hm_cw_m,cwhvm2_hw_cw_m,False,True,CWHvm2_HM+CW,CWHvm2_HW+CW,M,M,CWHvm2,CWHvm2,HM+CW,HW+CW,2,2.062812,876.653905
cmaunp_yc_hw_l,cwhvm1_yc_hw_l,False,True,CMAunp_YC+HW,CWHvm1_YC+HW,L,L,CMAunp,CWHvm1,YC+HW,YC+HW,1,1.700675,585.006343
cwhvm2_fd_hw_l,cwhvm2_cw_hw_l,False,True,CWHvm2_FD+HW,CWHvm2_CW+HW,L,L,CWHvm2,CWHvm2,FD+HW,CW+HW,1,1.668877,408.991977
cwhvh1_ba_cw_l,cwhvh1_hw_cw_l,False,True,CWHvh1_BA+CW,CWHvh1_HW+CW,L,L,CWHvh1,CWHvh1,BA+CW,HW+CW,1,1.659643,749.479196
cwhvm2_hm_cw_h,cwhvm2_hw_cw_h,False,True,CWHvm2_HM+CW,CWHvm2_HW+CW,H,H,CWHvm2,CWHvm2,HM+CW,HW+CW,1,1.62404,1136.408457
cwhvh1_dr_cw_l,cwhvh1_hw_cw_l,False,True,CWHvh1_DR+CW,CWHvh1_HW+CW,L,L,CWHvh1,CWHvh1,DR+CW,HW+CW,1,1.604858,749.479196
cwhvm1_yc_m,cwhvm1_hw_m,False,True,CWHvm1_YC,CWHvm1_HW,M,M,CWHvm1,CWHvm1,YC,HW,1,1.589249,4138.939451
cwhvh1_hw_pl_l,cwhvh1_hw_cw_l,False,True,CWHvh1_HW+PL,CWHvh1_HW+CW,L,L,CWHvh1,CWHvh1,HW+PL,HW+CW,1,1.551412,749.479196
cwhvh1_dr_ss_l,cwhvh1_hw_ss_l,False,True,CWHvh1_DR+SS,CWHvh1_HW+SS,L,L,CWHvh1,CWHvh1,DR+SS,HW+SS,1,1.54659,265.087958
cwhvh1_fd_hw_l,cwhvh1_cw_hw_l,False,True,CWHvh1_FD+HW,CWHvh1_CW+HW,L,L,CWHvh1,CWHvh1,FD+HW,CW+HW,1,1.528387,1104.143424
cwhvm1_fd_cw_h,cwhvm1_hw_cw_h,False,True,CWHvm1_FD+CW,CWHvm1_HW+CW,H,H,CWHvm1,CWHvm1,FD+CW,HW+CW,1,1.417967,2899.431292
mhmm1_yc_pl_l,cwhvm1_yc_hw_l,False,True,MHmm1_YC+PL,CWHvm1_YC+HW,L,L,MHmm1,CWHvm1,YC+PL,YC+HW,1,1.370537,585.006343
cwhvm1_ss_ba_h,cwhvm1_hw_ba_h,False,True,CWHvm1_SS+BA,CWHvm1_HW+BA,H,H,CWHvm1,CWHvm1,SS+BA,HW+BA,1,1.359868,6336.709216
cwhvm2_yc_m,cwhvm1_hw_m,False,True,CWHvm2_YC,CWHvm1_HW,M,M,CWHvm2,CWHvm1,YC,HW,1,1.345688,4138.939451
cwhvm1_fd_cw_l,cwhvm1_hw_cw_l,False,True,CWHvm1_FD+CW,CWHvm1_HW+CW,L,L,CWHvm1,CWHvm1,FD+CW,HW+CW,1,1.329859,7117.880299
mhmm1_hm_cw_l,cwhvm1_hw_cw_l,False,True,MHmm1_HM+CW,CWHvm1_HW+CW,L,L,MHmm1,CWHvm1,HM+CW,HW+CW,1,1.323501,7117.880299
mhmm1_cw_hw_h,cwhvm1_cw_hw_h,False,True,MHmm1_CW+HW,CWHvm1_CW+HW,H,H,MHmm1,CWHvm1,CW+HW,CW+HW,2,1.310679,6154.404369
cwhvm1_hm_cw_l,cwhvm1_hw_cw_l,False,True,CWHvm1_HM+CW,CWHvm1_HW+CW,L,L,CWHvm1,CWHvm1,HM+CW,HW+CW,1,1.198865,7117.880299
cwhvm1_hm_ba_m,cwhvm1_hw_ba_m,False,True,CWHvm1_HM+BA,CWHvm1_HW+BA,M,M,CWHvm1,CWHvm1,HM+BA,HW+BA,1,1.114207,13083.871387
cwhvm2_fdc_cw_l,cwhvm2_hw_cw_l,False,True,CWHvm2_FDC+CW,CWHvm2_HW+CW,L,L,CWHvm2,CWHvm2,FDC+CW,HW+CW,1,1.113936,726.648803
cwhvm2_sx_l,cwhvm1_hw_l,False,True,CWHvm2_SX,CWHvm1_HW,L,L,CWHvm2,CWHvm1,SX,HW,1,1.090537,1582.40532
cwhvm2_ss_l,cwhvm1_hw_l,False,True,CWHvm2_SS,CWHvm1_HW,L,L,CWHvm2,CWHvm1,SS,HW,1,1.064954,1582.40532
cwhvm1_yc_ba_l,cwhvm1_hw_ba_l,False,True,CWHvm1_YC+BA,CWHvm1_HW+BA,L,L,CWHvm1,CWHvm1,YC+BA,HW+BA,1,1.051314,6328.040635
cwhvh1_yc_pl_l,cwhvm1_yc_hw_l,False,True,CWHvh1_YC+PL,CWHvm1_YC+HW,L,L,CWHvh1,CWHvm1,YC+PL,YC+HW,1,1.042015,585.006343
cwhvh1_yc_pl_h,cwhvm1_yc_cw_h,False,True,CWHvh1_YC+PL,CWHvm1_YC+CW,H,H,CWHvh1,CWHvm1,YC+PL,YC+CW,1,1.038779,217.135653
cwhvm1_ba_cw_m,cwhvm1_ba_hw_m,False,True,CWHvm1_BA+CW,CWHvm1_BA+HW,M,M,CWHvm1,CWHvm1,BA+CW,BA+HW,1,0.98527,134.660517
cwhvh1_yc_l,cwhvm1_hw_l,False,True,CWHvh1_YC,CWHvm1_HW,L,L,CWHvh1,CWHvm1,YC,HW,1,0.85277,1582.40532
cwhvh1_cw_ba_h,cwhvh1_hw_ba_h,False,True,CWHvh1_CW+BA,CWHvh1_HW+BA,H,H,CWHvh1,CWHvh1,CW+BA,HW+BA,2,0.852725,372.648201
cwhvm1_hm_ba_l,cwhvm1_hw_ba_l,False,True,CWHvm1_HM+BA,CWHvm1_HW+BA,L,L,CWHvm1,CWHvm1,HM+BA,HW+BA,1,0.799891,6328.040635
cwhvm2_yc_dr_l,cwhvm2_yc_hw_l,False,True,CWHvm2_YC+DR,CWHvm2_YC+HW,L,L,CWHvm2,CWHvm2,YC+DR,YC+HW,1,0.797639,398.830202
cwhvh1_yc_h,cwhvm1_hw_h,False,True,CWHvh1_YC,CWHvm1_HW,H,H,CWHvh1,CWHvm1,YC,HW,1,0.639299,1645.046704
cwhvm2_ss_hw_h,cwhvm1_ss_hw_h,False,True,CWHvm2_SS+HW,CWHvm1_SS+HW,H,H,CWHvm2,CWHvm1,SS+HW,SS+HW,1,0.51378,576.664115
cwhvm1_pl_hw_l,cwhvm1_cw_hw_l,False,True,CWHvm1_PL+HW,CWHvm1_CW+HW,L,L,CWHvm1,CWHvm1,PL+HW,CW+HW,1,0.370918,6107.943901
mhmm1_cw_yc_l,cwhvm1_cw_yc_l,False,True,MHmm1_CW+YC,CWHvm1_CW+YC,L,L,MHmm1,CWHvm1,CW+YC,CW+YC,1,0.213975,1293.870013
cwhvm1_fd_ba_l,cwhvm1_hw_ba_l,False,True,CWHvm1_FD+BA,CWHvm1_HW+BA,L,L,CWHvm1,CWHvm1,FD+BA,HW+BA,1,0.1233,6328.040635
cwhvm1_pli_at_l,cwhvm1_hw_cw_l,False,True,CWHvm1_PLI+AT,CWHvm1_HW+CW,L,L,CWHvm1,CWHvm1,PLI+AT,HW+CW,1,0.039348,7117.880299
cwhvm1_ba_h,cwhvm1_hw_h,False,True,CWHvm1_BA,CWHvm1_HW,H,H,CWHvm1,CWHvm1,BA,HW,1,0.001884,1645.046704
