au_id,base_au,si_level,accepted,selected_path,source_stand_count,age_min,age_max,max_volume,peak_age,peak_volume,terminal_volume,first_age_ge_1,first_age_ge_10,first_age_ge_50,volume_at_80,volume_at_120,volume_at_200,volume_at_250,terminal_uptick_from_post_peak_min,terminal_uptick_ratio,last_20_gain,last_50_gain,max_single_year_drop,max_single_year_gain,negative_year_count,large_negative_year_count,sign_change_count,shape_severity,shape_flags,recommended_action,lmh_order_violation_count,lmh_order_max_violation_m3ha
cwhvm1_ba_l,cwhvm1_ba,L,True,smoothed_bin_pchip,2,1,299,66.6768,299,66.6768,66.6768,39.0,88.0,298.0,8.049567,18.362322,28.7,28.073833,0.0,0.0,37.717123,38.594264,-1.494569,15.1784,5,0,2,critical,late_start_ge50_after_age160;last_20_year_gain;last_50_year_gain,apply_tail_constraint_or_terminal_cap,0,0.0
cwhvm1_fd_m,cwhvm1_fd,M,True,smoothed_bin_pchip,3,1,299,782.797714,261,782.797714,755.6,257.0,257.0,257.0,0.346844,0.346844,0.346844,0.346844,0.0,0.0,-13.813967,755.253156,-0.852572,156.540272,38,0,1,critical,late_start_ge10_after_age100;late_start_ge50_after_age160;near_zero_to_old_age_then_jump;last_50_year_gain;lmh_order_violation,reject_current_fit_and_borrow_adjacent_au,3,966.259869
cwhvm2_fd_l,cwhvm2_fd,L,True,smoothed_bin_pchip,2,1,299,452.0,265,452.0,452.0,257.0,257.0,257.0,0.346844,0.346844,0.346844,0.346844,0.5,0.001106,0.199649,451.653156,-0.148,90.376771,0,0,0,critical,late_start_ge10_after_age100;late_start_ge50_after_age160;near_zero_to_old_age_then_jump;last_50_year_gain,reject_current_fit_and_borrow_adjacent_au,0,0.0
cwhvm2_hm_cw_m,cwhvm2_hm_cw,M,True,smoothed_bin_pchip,2,1,299,290.964,261,290.964,286.5,257.0,257.0,257.0,0.298127,0.298127,0.298127,0.298127,0.0,0.0,-2.142857,286.201873,-0.190404,58.144419,0,0,0,critical,late_start_ge10_after_age100;late_start_ge50_after_age160;near_zero_to_old_age_then_jump;last_50_year_gain;lmh_order_violation,reject_current_fit_and_borrow_adjacent_au,1,1048.480589
cwhvm2_hw_fd_l,cwhvm2_hw_fd,L,True,smoothed_bin_pchip,4,1,299,605.0,260,605.0,596.0,247.0,247.0,247.0,0.346844,0.346844,0.346844,448.069369,6.264832,0.010355,-1.314654,259.865847,-4.51839,111.938281,11,0,5,critical,late_start_ge10_after_age100;late_start_ge50_after_age160;near_zero_to_old_age_then_jump;last_50_year_gain;wobbly_multi_extrema;lmh_order_violation,reject_current_fit_and_borrow_adjacent_au,1,288.065257
mhmm1_hw_cw_h,mhmm1_hw_cw,H,True,smoothed_bin_pchip,2,1,299,558.414771,235,558.414771,554.743733,72.0,104.0,135.0,2.053646,24.535501,478.755977,557.136464,0.143733,0.000257,-0.215379,-2.493958,-0.102474,18.231807,0,0,0,critical,late_start_ge10_after_age100;lmh_order_violation,reject_current_fit_and_borrow_adjacent_au,1,714.462591
mhmm1_yc_h,mhmm1_yc,H,True,smoothed_bin_pchip,3,1,299,273.0,295,273.0,213.928,247.0,247.0,247.0,0.298127,0.298127,0.298127,212.859625,0.0,0.0,-54.63724,54.376321,-22.856,53.389234,9,3,3,critical,late_start_ge10_after_age100;late_start_ge50_after_age160;near_zero_to_old_age_then_jump;last_50_year_gain;large_single_year_drop;lmh_order_violation,reject_current_fit_and_borrow_adjacent_au,1,720.888226
mhmm1_yc_hw_m,mhmm1_yc_hw,M,True,smoothed_bin_pchip,4,1,299,105.368,299,105.368,105.368,247.0,247.0,250.0,0.325493,0.325493,0.325493,53.665099,0.0,0.0,37.092976,65.038464,-1.450344,14.824,5,0,2,critical,late_start_ge10_after_age100;late_start_ge50_after_age160;near_zero_to_old_age_then_jump;last_20_year_gain;last_50_year_gain;lmh_order_violation,reject_current_fit_and_borrow_adjacent_au,2,940.418902
cwhvh1_hw_h,cwhvh1_hw,H,True,smoothed_bin_pchip,18,1,299,688.019551,170,688.019551,679.056,3.0,7.0,16.0,461.6,598.152089,651.315132,664.928539,44.961632,0.065349,-8.299308,15.83309,-1.623176,7.82314,65,0,3,review,old_age_terminal_uptick;lmh_order_violation,apply_tail_constraint_or_terminal_cap,1,276.224921
cwhvh1_ss_hw_m,cwhvh1_ss_hw,M,True,smoothed_bin_pchip,18,1,299,1067.382056,160,1067.382056,726.219474,6.0,12.0,22.0,618.282303,930.576181,857.955315,703.601958,44.412328,0.041609,28.847424,20.056262,-7.698903,12.130945,109,30,3,review,last_20_year_gain;large_single_year_drop;lmh_order_violation,apply_tail_constraint_or_terminal_cap,3,503.729502
cwhvm1_cw_dr_l,cwhvm1_cw_dr,L,True,smoothed_bin_pchip,6,1,299,694.0453,165,694.0453,606.628234,14.0,23.0,35.0,406.911639,611.201375,603.543716,579.803963,54.079586,0.077919,-1.405591,28.543909,-3.870425,11.404866,58,0,2,review,old_age_terminal_uptick;lmh_order_violation,apply_tail_constraint_or_terminal_cap,2,196.65
cwhvm1_cw_hm_l,cwhvm1_cw_hm,L,True,smoothed_bin_pchip,2,1,299,343.5,290,343.5,343.5,5.0,17.0,44.0,114.879095,178.105596,248.729954,302.888268,0.0,0.0,2.188979,42.849209,0.0,2.287164,0,0,0,review,last_50_year_gain,apply_tail_constraint_or_terminal_cap,0,0.0
cwhvm1_pli_sx_h,cwhvm1_pli_sx,H,True,smoothed_bin_pchip,2,1,299,537.5,299,537.5,537.5,13.0,23.0,37.0,261.12502,376.456761,414.802637,399.932248,0.0,0.0,141.341595,137.275863,-6.086914,58.464,61,3,4,review,last_20_year_gain;last_50_year_gain;wobbly_multi_extrema;large_single_year_drop;lmh_order_violation,apply_tail_constraint_or_terminal_cap,3,157.667599
cwhvm1_pli_sx_l,cwhvm1_pli_sx,L,True,smoothed_bin_pchip,2,1,299,601.7328,299,601.7328,601.7328,18.0,33.0,54.0,148.543996,319.135837,488.365941,488.915148,0.0,0.0,111.408299,112.749694,-4.524668,45.1144,5,0,2,review,last_20_year_gain;last_50_year_gain;lmh_order_violation,apply_tail_constraint_or_terminal_cap,3,157.667599
cwhvm1_yc_cw_m,cwhvm1_yc_cw,M,True,smoothed_bin_pchip,28,1,299,853.994072,150,853.994072,410.167411,4.0,11.0,23.0,560.465567,808.59015,434.579193,337.511909,92.268311,0.108043,11.759069,74.472754,-13.874447,14.73616,77,45,2,review,old_age_terminal_uptick;last_50_year_gain;large_single_year_drop;lmh_order_violation,apply_tail_constraint_or_terminal_cap,3,188.8
cwhvm1_yc_hm_l,cwhvm1_yc_hm,L,True,smoothed_bin_pchip,18,1,299,942.473661,140,942.473661,461.2,5.0,10.0,19.0,646.518732,895.332301,413.31229,338.794164,152.252888,0.161546,13.319295,126.083221,-13.420272,11.283971,95,52,3,review,old_age_terminal_uptick;last_50_year_gain;large_single_year_drop;lmh_order_violation,apply_tail_constraint_or_terminal_cap,1,702.456592
cwhvm2_ba_hm_l,cwhvm2_ba_hm,L,True,smoothed_bin_pchip,3,1,299,584.0,290,584.0,580.4,13.0,27.0,48.0,165.875048,310.473859,402.369058,484.97095,0.0,0.0,2.50243,99.90965,-0.528,4.599608,8,0,1,review,last_50_year_gain;lmh_order_violation,apply_tail_constraint_or_terminal_cap,1,74.308408
cwhvm2_fd_h,cwhvm2_fd,H,True,smoothed_bin_pchip,2,1,299,757.35,290,757.35,756.327872,10.0,19.0,33.0,330.963483,523.202397,654.323782,668.262188,0.0,0.0,15.916826,89.978065,-0.22821,7.352434,0,0,0,review,last_50_year_gain,apply_tail_constraint_or_terminal_cap,0,0.0
cwhvm2_yc_cw_l,cwhvm2_yc_cw,L,True,smoothed_bin_pchip,14,1,299,857.626961,140,857.626961,422.6,4.0,10.0,20.0,567.877674,813.337407,407.312996,259.749139,246.252887,0.287133,19.138142,168.99593,-16.045698,9.467096,85,52,2,review,old_age_terminal_uptick;last_50_year_gain;large_single_year_drop;lmh_order_violation,apply_tail_constraint_or_terminal_cap,2,546.751458
cwhvm2_yc_hm_m,cwhvm2_yc_hm,M,True,smoothed_bin_pchip,26,1,299,359.4,290,359.4,349.83963,26.0,39.0,55.0,161.498795,302.975737,190.177167,249.078041,0.0,0.0,5.160372,104.260611,-3.85571,5.077481,58,0,3,review,last_50_year_gain;lmh_order_violation,apply_tail_constraint_or_terminal_cap,2,760.282933
mhmm1_cw_hw_h,mhmm1_cw_hw,H,True,smoothed_bin_pchip,2,1,299,346.83612,299,346.83612,346.83612,2.0,10.0,44.0,91.946489,138.501673,231.61204,289.80602,0.0,0.0,23.277592,58.193979,1.163879,1.16388,0,0,0,review,last_20_year_gain;last_50_year_gain;lmh_order_violation,apply_tail_constraint_or_terminal_cap,3,887.648486
mhmm1_hm_yc_m,mhmm1_hm_yc,M,True,smoothed_bin_pchip,4,1,299,314.0,290,314.0,312.2,5.0,16.0,43.0,114.303261,165.698983,201.5,218.037731,0.0,0.0,29.649606,95.631773,-0.264,4.884831,1,0,1,review,last_20_year_gain;last_50_year_gain;lmh_order_violation,apply_tail_constraint_or_terminal_cap,2,837.034336
cwhvh1_cw_l,cwhvh1_cw,L,True,smoothed_bin_pchip,16,1,299,754.87946,160,754.87946,375.548923,11.0,20.0,32.0,435.13904,665.332803,609.565681,484.818355,0.0,0.0,-43.027452,-112.800814,-13.337846,10.338711,131,14,3,review,large_single_year_drop;lmh_order_violation,increase_smoothing_or_shape_constraint,1,177.174506
cwhvh1_cw_m,cwhvh1_cw,M,True,smoothed_bin_pchip,12,1,299,578.601435,155,578.601435,445.491962,11.0,20.0,32.0,366.89904,534.727254,548.425444,508.103572,0.0,0.0,-44.702832,-62.982146,-11.937924,8.254649,135,3,1,review,large_single_year_drop;lmh_order_violation,increase_smoothing_or_shape_constraint,1,177.174506
cwhvh1_cw_ss_l,cwhvh1_cw_ss,L,True,smoothed_bin_pchip,9,1,299,663.160155,235,663.160155,633.631264,12.0,22.0,36.0,316.557769,535.810378,660.658952,662.980758,0.0,0.0,-27.609361,-29.370147,-10.730529,7.61847,9,3,3,review,large_single_year_drop,increase_smoothing_or_shape_constraint,0,0.0
cwhvh1_cw_yc_l,cwhvh1_cw_yc,L,True,smoothed_bin_pchip,22,1,299,805.064042,160,805.064042,559.083565,3.0,7.0,16.0,523.542963,728.724991,728.462544,669.501564,0.0,0.0,-85.032716,-111.224466,-28.041131,9.883442,131,4,3,review,large_single_year_drop;lmh_order_violation,increase_smoothing_or_shape_constraint,1,144.481662
cwhvh1_dr_h,cwhvh1_dr,H,True,smoothed_bin_pchip,5,1,299,315.021716,225,315.021716,261.0,3.0,8.0,16.0,265.85609,272.958026,284.023546,285.681264,1.0,0.003174,0.472629,-26.262396,-1.627694,6.080889,95,0,4,review,wobbly_multi_extrema;lmh_order_violation,increase_smoothing_or_shape_constraint,2,887.85927
cwhvh1_dr_l,cwhvh1_dr,L,True,smoothed_bin_pchip,5,1,299,1097.291741,165,1097.291741,252.0,7.0,14.0,23.0,629.141365,940.576471,863.213738,425.79567,1.0,0.000911,-6.065966,-183.840807,-11.428724,12.606204,124,89,2,review,large_single_year_drop;lmh_order_violation,increase_smoothing_or_shape_constraint,2,887.85927
cwhvh1_dr_m,cwhvh1_dr,M,True,smoothed_bin_pchip,5,1,299,1134.131152,165,1134.131152,534.125333,6.0,13.0,22.0,648.340279,964.468733,985.89872,674.935145,0.0,0.0,-13.33668,-148.055419,-7.65845,12.608461,126,72,1,review,large_single_year_drop;lmh_order_violation,increase_smoothing_or_shape_constraint,2,887.85927
cwhvh1_fd_cw_l,cwhvh1_fd_cw,L,True,smoothed_bin_pchip,2,1,299,1340.66937,180,1340.66937,707.233546,4.0,7.0,14.0,898.623032,1208.276372,1334.388634,988.09358,0.0,0.0,-28.711262,-294.998765,-14.432938,15.214175,111,51,1,review,large_single_year_drop,increase_smoothing_or_shape_constraint,0,0.0
cwhvh1_hw_m,cwhvh1_hw,M,True,smoothed_bin_pchip,13,1,299,919.424767,145,919.424767,588.741333,7.0,13.0,23.0,626.273701,872.099982,747.68658,666.538167,0.0,0.0,-30.546202,-79.654481,-6.162667,12.452409,153,2,1,review,large_single_year_drop;lmh_order_violation,increase_smoothing_or_shape_constraint,1,276.224921
cwhvh1_ss_cw_l,cwhvh1_ss_cw,L,True,smoothed_bin_pchip,2,1,299,1166.344949,155,1166.344949,736.676038,4.0,8.0,15.0,809.435503,1085.660724,864.38791,756.717461,0.0,0.0,-7.432207,-20.479593,-10.168387,13.650075,140,39,1,review,large_single_year_drop;lmh_order_violation,increase_smoothing_or_shape_constraint,1,311.701254
cwhvh1_ss_cw_m,cwhvh1_ss_cw,M,True,smoothed_bin_pchip,2,1,299,996.299832,130,996.299832,757.087867,4.0,9.0,17.0,709.227164,981.231068,798.739744,778.185065,0.0,0.0,-8.082281,-21.551408,-6.143199,12.020172,155,18,1,review,large_single_year_drop;lmh_order_violation,increase_smoothing_or_shape_constraint,1,311.701254
cwhvh1_ss_hw_l,cwhvh1_ss_hw,L,True,smoothed_bin_pchip,13,1,299,1110.675144,190,1110.675144,821.3232,6.0,12.0,22.0,645.322487,931.44294,1107.988036,945.445811,0.0,0.0,-16.375979,-130.030303,-6.030732,12.292614,103,21,1,review,large_single_year_drop;lmh_order_violation,increase_smoothing_or_shape_constraint,3,503.729502
cwhvh1_yc_cw_m,cwhvh1_yc_cw,M,True,smoothed_bin_pchip,11,1,299,606.950475,155,606.950475,344.210844,8.0,16.0,29.0,357.832012,535.035188,414.036045,350.596677,0.0,0.0,-2.462164,-6.514802,-6.689145,7.264127,74,24,1,review,large_single_year_drop;lmh_order_violation,increase_smoothing_or_shape_constraint,3,474.062532
cwhvm1_ba_cw_h,cwhvm1_ba_cw,H,True,smoothed_bin_pchip,3,1,299,1038.807539,165,1038.807539,740.821905,7.0,13.0,22.0,640.9476,918.925445,891.449516,752.728891,0.0,0.0,-4.79226,-12.15762,-7.385611,12.45728,101,29,1,review,large_single_year_drop;lmh_order_violation,increase_smoothing_or_shape_constraint,1,154.749052
cwhvm1_ba_cw_l,cwhvm1_ba_cw,L,True,smoothed_bin_pchip,2,1,299,1174.232551,155,1174.232551,867.200133,10.0,18.0,27.0,696.998628,1064.781612,946.57683,874.170798,0.0,0.0,-2.826661,-7.104373,-7.729521,16.365047,76,30,1,review,large_single_year_drop;lmh_order_violation,increase_smoothing_or_shape_constraint,1,154.749052
cwhvm1_ba_hw_l,cwhvm1_ba_hw,L,True,smoothed_bin_pchip,46,1,299,901.47973,170,901.47973,760.729595,5.0,11.0,22.0,530.852198,761.242369,835.298456,779.054182,0.0,0.0,-13.755866,-18.773748,-7.027189,9.839933,100,2,3,review,large_single_year_drop;lmh_order_violation,increase_smoothing_or_shape_constraint,1,14.361504
cwhvm1_cw_h,cwhvm1_cw,H,True,smoothed_bin_pchip,128,1,299,964.98521,165,964.98521,800.931679,8.0,15.0,25.0,552.886082,824.221798,917.60612,871.462067,0.0,0.0,-33.875083,-71.815523,-9.839359,12.2041,121,3,1,review,large_single_year_drop;lmh_order_violation,increase_smoothing_or_shape_constraint,3,149.242769
cwhvm1_cw_l,cwhvm1_cw,L,True,smoothed_bin_pchip,147,1,299,828.523074,160,828.523074,405.005634,5.0,10.0,20.0,514.513094,733.651932,646.127679,476.675276,0.0,0.0,-23.760173,-74.370493,-7.341267,9.084088,130,31,3,review,large_single_year_drop;lmh_order_violation,increase_smoothing_or_shape_constraint,3,149.242769
cwhvm1_cw_m,cwhvm1_cw,M,True,smoothed_bin_pchip,140,1,299,686.356489,165,686.356489,376.993917,4.0,11.0,23.0,388.505004,598.210558,625.311242,494.143935,0.0,0.0,-35.335409,-121.547547,-10.543833,7.664219,124,3,1,review,large_single_year_drop;lmh_order_violation,increase_smoothing_or_shape_constraint,3,149.242769
cwhvm1_cw_dr_m,cwhvm1_cw_dr,M,True,smoothed_bin_pchip,7,1,299,884.432465,205,884.432465,722.914165,9.0,16.0,26.0,593.011246,809.404211,884.403217,875.524332,0.0,0.0,-136.873193,-152.943142,-51.248329,13.191558,56,4,3,review,large_single_year_drop;lmh_order_violation,increase_smoothing_or_shape_constraint,2,196.65
cwhvm1_cw_pl_h,cwhvm1_cw_pl,H,True,smoothed_bin_pchip,20,1,299,894.781377,160,894.781377,543.356654,7.0,14.0,24.0,569.898563,817.704637,746.225211,662.574448,0.0,0.0,-98.395742,-119.859038,-34.689308,12.355656,132,16,3,review,large_single_year_drop;lmh_order_violation,increase_smoothing_or_shape_constraint,2,212.378437
cwhvm1_cw_pl_l,cwhvm1_cw_pl,L,True,smoothed_bin_pchip,37,1,299,739.324902,160,739.324902,586.952361,20.0,29.0,39.0,412.148561,645.32916,701.976727,681.646575,0.0,0.0,-85.572668,-94.92254,-32.464721,14.572284,103,4,3,review,large_single_year_drop;lmh_order_violation,increase_smoothing_or_shape_constraint,2,212.378437
cwhvm1_cw_pl_m,cwhvm1_cw_pl,M,True,smoothed_bin_pchip,29,1,299,833.249792,155,833.249792,374.883324,8.0,16.0,28.0,474.81725,736.724822,564.891266,469.69968,0.0,0.0,-88.977229,-94.962404,-34.802649,9.955984,101,39,3,review,large_single_year_drop;lmh_order_violation,increase_smoothing_or_shape_constraint,2,212.378437
cwhvm1_cw_plc_h,cwhvm1_cw_plc,H,True,smoothed_bin_pchip,2,1,299,1097.30929,160,1097.30929,838.653961,6.0,12.0,21.0,638.543179,948.2198,935.885386,860.849883,0.0,0.0,-8.621116,-22.661094,-6.093987,11.970331,134,19,1,review,large_single_year_drop,increase_smoothing_or_shape_constraint,0,0.0
cwhvm1_cw_plc_l,cwhvm1_cw_plc,L,True,smoothed_bin_pchip,12,1,299,940.363809,165,940.363809,614.44041,8.0,15.0,25.0,569.920748,835.593991,865.429575,772.718132,0.0,0.0,-104.739633,-161.031838,-38.510819,11.779959,126,4,3,review,large_single_year_drop,increase_smoothing_or_shape_constraint,0,0.0
cwhvm1_cw_yc_h,cwhvm1_cw_yc,H,True,smoothed_bin_pchip,65,1,299,927.73644,160,927.73644,659.6,5.0,12.0,22.0,572.867689,839.341732,753.494373,664.361513,0.0,0.0,-0.394568,-5.137599,-6.298621,11.941418,96,23,1,review,large_single_year_drop;lmh_order_violation,increase_smoothing_or_shape_constraint,1,116.129202
cwhvm1_cw_yc_l,cwhvm1_cw_yc,L,True,smoothed_bin_pchip,91,1,299,808.723787,155,808.723787,405.425067,7.0,14.0,24.0,519.043017,729.533107,563.620585,414.797856,0.0,0.0,-1.524131,-9.875225,-9.41334,9.951319,105,37,1,review,large_single_year_drop;lmh_order_violation,increase_smoothing_or_shape_constraint,1,116.129202
cwhvm1_dr_cw_l,cwhvm1_dr_cw,L,True,smoothed_bin_pchip,6,1,299,806.837091,195,806.837091,537.533958,10.0,18.0,31.0,277.279758,539.60295,800.777169,711.80254,0.0,0.0,-156.607077,-174.74884,-59.311916,9.735344,97,4,3,review,large_single_year_drop;lmh_order_violation,increase_smoothing_or_shape_constraint,1,551.470152
cwhvm1_fd_h,cwhvm1_fd,H,True,smoothed_bin_pchip,4,1,299,890.345774,190,890.345774,668.0,6.0,12.0,22.0,533.816219,772.108777,889.334575,809.231174,0.0,0.0,-19.933563,-145.764111,-5.084502,9.899379,90,3,1,review,large_single_year_drop;lmh_order_violation,increase_smoothing_or_shape_constraint,3,966.259869
cwhvm1_hm_yc_h,cwhvm1_hm_yc,H,True,smoothed_bin_pchip,7,1,299,1066.94184,165,1066.94184,526.814618,4.0,9.0,18.0,673.16333,951.91678,1013.09901,715.288586,0.0,0.0,-23.6507,-196.681873,-8.463834,11.466637,126,49,1,review,large_single_year_drop;lmh_order_violation,increase_smoothing_or_shape_constraint,1,761.8207
cwhvm1_hm_yc_l,cwhvm1_hm_yc,L,True,smoothed_bin_pchip,11,1,299,439.0,200,439.0,258.0,59.0,81.0,106.0,9.60222,97.544845,439.0,344.590225,0.0,0.0,-11.90721,-89.746421,-5.072097,12.284,84,1,3,review,large_single_year_drop;lmh_order_violation,increase_smoothing_or_shape_constraint,1,761.8207
cwhvm1_pl_cw_l,cwhvm1_pl_cw,L,True,smoothed_bin_pchip,4,1,299,740.930526,175,740.930526,486.050992,7.0,15.0,26.0,442.81723,654.013342,735.072083,714.144637,0.0,0.0,-208.948064,-228.552288,-80.275983,8.965256,106,6,3,review,large_single_year_drop;lmh_order_violation,increase_smoothing_or_shape_constraint,3,289.280009
cwhvm1_pl_cw_m,cwhvm1_pl_cw,M,True,smoothed_bin_pchip,2,1,299,890.921089,160,890.921089,650.0972,12.0,21.0,33.0,460.607668,758.384523,704.552557,647.792149,3.563437,0.004,0.621266,2.385725,-6.883639,11.419882,64,25,1,review,large_single_year_drop;lmh_order_violation,increase_smoothing_or_shape_constraint,3,289.280009
cwhvm1_ss_cw_l,cwhvm1_ss_cw,L,True,smoothed_bin_pchip,12,1,299,772.2,290,772.2,742.8784,8.0,16.0,30.0,374.376805,617.625735,766.225428,771.438428,0.0,0.0,-28.244578,-28.525226,-11.3288,7.865447,9,3,3,review,large_single_year_drop,increase_smoothing_or_shape_constraint,0,0.0
cwhvm1_ss_hw_h,cwhvm1_ss_hw,H,True,smoothed_bin_pchip,49,1,299,1424.327772,150,1424.327772,1159.924705,4.0,7.0,13.0,1030.138638,1349.052358,1342.969961,1250.286349,0.0,0.0,-43.389825,-92.060253,-7.065409,18.086767,146,2,1,review,large_single_year_drop,increase_smoothing_or_shape_constraint,0,0.0
cwhvm1_yc_l,cwhvm1_yc,L,True,smoothed_bin_pchip,5,1,299,907.964536,150,907.964536,49.7704,9.0,16.0,26.0,561.012355,824.798004,243.244748,49.405396,0.40042,0.000441,0.138989,0.373804,-22.17278,12.054138,83,54,1,review,large_single_year_drop;lmh_order_violation,increase_smoothing_or_shape_constraint,1,329.741933
cwhvm1_yc_cw_h,cwhvm1_yc_cw,H,True,smoothed_bin_pchip,30,1,299,833.173252,160,833.173252,608.457768,4.0,10.0,22.0,476.205807,732.543982,676.760888,621.18587,0.0,0.0,-11.239115,-12.714131,-5.757861,10.914288,79,16,1,review,large_single_year_drop;lmh_order_violation,increase_smoothing_or_shape_constraint,3,188.8
cwhvm1_yc_cw_l,cwhvm1_yc_cw,L,True,smoothed_bin_pchip,50,1,299,1002.393251,150,1002.393251,349.3944,6.0,11.0,20.0,653.779605,915.14029,514.523423,328.816515,24.083276,0.024026,8.812541,19.600201,-16.162553,11.851241,102,50,2,review,large_single_year_drop;lmh_order_violation,increase_smoothing_or_shape_constraint,3,188.8
cwhvm1_yc_hm_h,cwhvm1_yc_hm,H,True,smoothed_bin_pchip,12,1,299,1076.525041,145,1076.525041,573.904171,5.0,10.0,19.0,706.847945,1002.191321,663.07667,584.22344,0.0,0.0,-4.021332,-10.844072,-11.375908,12.472923,117,42,1,review,large_single_year_drop;lmh_order_violation,increase_smoothing_or_shape_constraint,1,702.456592
cwhvm1_yc_hw_l,cwhvm1_yc_hw,L,True,smoothed_bin_pchip,34,1,299,1020.24444,155,1020.24444,400.567033,5.0,10.0,19.0,665.550095,918.628494,557.186801,424.853429,0.0,0.0,-13.581334,-24.272446,-15.808176,11.656155,110,47,1,review,large_single_year_drop;lmh_order_violation,increase_smoothing_or_shape_constraint,2,307.651784
cwhvm1_yc_pl_l,cwhvm1_yc_pl,L,True,smoothed_bin_pchip,10,1,299,1182.330733,150,1182.330733,615.7448,8.0,13.0,21.0,822.54637,1096.381504,957.978481,798.730556,0.0,0.0,-24.361835,-188.905463,-7.198945,17.311187,135,54,1,review,large_single_year_drop;lmh_order_violation,increase_smoothing_or_shape_constraint,2,1119.248484
cwhvm2_ba_hm_m,cwhvm2_ba_hm,M,True,smoothed_bin_pchip,3,1,299,1265.41353,170,1265.41353,611.3232,4.0,9.0,16.0,860.555901,1163.129468,1257.144238,895.749609,0.0,0.0,-22.916302,-299.433312,-15.336934,15.010065,117,51,1,review,large_single_year_drop;lmh_order_violation,increase_smoothing_or_shape_constraint,1,74.308408
cwhvm2_cw_h,cwhvm2_cw,H,True,smoothed_bin_pchip,12,1,299,1082.866619,170,1082.866619,777.112765,8.0,14.0,24.0,666.637032,965.50382,1057.965756,998.319989,0.0,0.0,-157.213652,-223.025438,-54.54753,13.85186,118,6,3,review,large_single_year_drop;lmh_order_violation,increase_smoothing_or_shape_constraint,2,87.497966
cwhvm2_cw_l,cwhvm2_cw,L,True,smoothed_bin_pchip,12,1,299,797.705849,150,797.705849,411.481588,5.0,10.0,18.0,521.239037,717.043709,713.82515,577.126244,0.0,0.0,-69.283445,-170.500109,-18.983175,9.412415,143,4,1,review,large_single_year_drop;lmh_order_violation,increase_smoothing_or_shape_constraint,2,87.497966
cwhvm2_cw_m,cwhvm2_cw,M,True,smoothed_bin_pchip,9,1,299,831.392444,180,831.392444,428.343515,9.0,16.0,27.0,492.513429,709.161275,813.469687,760.0672,0.0,0.0,-303.295164,-332.50104,-116.969029,10.56052,112,7,3,review,large_single_year_drop;lmh_order_violation,increase_smoothing_or_shape_constraint,2,87.497966
cwhvm2_cw_hw_l,cwhvm2_cw_hw,L,True,smoothed_bin_pchip,61,1,299,921.220103,160,921.220103,461.763087,7.0,14.0,24.0,575.0534,823.543817,697.731788,563.007573,0.0,0.0,-73.236067,-102.614533,-26.396174,11.226891,133,37,3,review,large_single_year_drop;lmh_order_violation,increase_smoothing_or_shape_constraint,2,236.934299
cwhvm2_cw_hw_m,cwhvm2_cw_hw,M,True,smoothed_bin_pchip,44,1,299,696.379602,165,696.379602,500.762288,8.0,17.0,30.0,376.899077,588.730936,636.787666,555.257099,0.0,0.0,-25.640607,-56.189379,-8.868575,8.799929,119,3,3,review,large_single_year_drop;lmh_order_violation,increase_smoothing_or_shape_constraint,2,236.934299
cwhvm2_cw_yc_h,cwhvm2_cw_yc,H,True,smoothed_bin_pchip,15,1,299,923.605169,190,923.605169,652.212857,4.0,9.0,18.0,593.06247,803.886185,921.935609,767.801972,0.0,0.0,-8.800534,-121.766425,-6.323912,10.209074,94,23,1,review,large_single_year_drop;lmh_order_violation,increase_smoothing_or_shape_constraint,2,207.100223
cwhvm2_cw_yc_m,cwhvm2_cw_yc,M,True,smoothed_bin_pchip,11,1,299,1012.944113,125,1012.944113,383.983272,4.0,9.0,16.0,740.64622,1007.467728,487.916581,438.722436,0.0,0.0,-32.853248,-55.347405,-11.701422,12.505266,167,54,1,review,large_single_year_drop;lmh_order_violation,increase_smoothing_or_shape_constraint,2,207.100223
cwhvm2_hm_ba_l,cwhvm2_hm_ba,L,True,smoothed_bin_pchip,7,1,299,1104.212112,180,1104.212112,612.114227,5.0,11.0,20.0,659.946901,955.14429,1097.930557,956.595054,0.0,0.0,-108.012908,-352.638719,-23.948454,11.918017,112,48,1,review,large_single_year_drop;lmh_order_violation,increase_smoothing_or_shape_constraint,3,703.224057
cwhvm2_hm_yc_l,cwhvm2_hm_yc,L,True,smoothed_bin_pchip,34,1,299,1076.62344,140,1076.62344,296.2,4.0,9.0,17.0,763.003707,1035.840944,518.82022,383.537936,0.0,0.0,-18.238786,-89.335282,-15.212511,13.025615,149,53,1,review,large_single_year_drop;lmh_order_violation,increase_smoothing_or_shape_constraint,2,553.049157
cwhvm2_hw_dr_h,cwhvm2_hw_dr,H,True,smoothed_bin_pchip,7,1,299,943.281067,185,943.281067,837.686425,4.0,8.0,16.0,646.342593,842.297632,939.153564,904.725307,0.0,0.0,-45.303481,-67.778261,-12.988851,11.437792,102,3,1,review,large_single_year_drop,increase_smoothing_or_shape_constraint,0,0.0
cwhvm2_hw_dr_m,cwhvm2_hw_dr,M,True,smoothed_bin_pchip,5,1,299,828.199438,165,828.199438,678.292366,5.0,10.0,19.0,569.01236,764.91272,808.152194,762.228292,0.0,0.0,-57.281117,-84.846279,-16.658732,9.970409,125,3,3,review,large_single_year_drop,increase_smoothing_or_shape_constraint,0,0.0
cwhvm2_hw_fd_h,cwhvm2_hw_fd,H,True,smoothed_bin_pchip,2,1,299,1181.631586,160,1181.631586,720.668021,4.0,9.0,17.0,742.261128,1054.186838,894.174601,735.340139,0.0,0.0,-5.437177,-14.999646,-11.305749,12.596909,134,41,1,review,large_single_year_drop;lmh_order_violation,increase_smoothing_or_shape_constraint,1,288.065257
cwhvm2_hw_fd_m,cwhvm2_hw_fd,M,True,smoothed_bin_pchip,6,1,299,1061.455618,180,1061.455618,934.919446,5.0,10.0,18.0,678.552071,941.304258,1054.884933,1008.719118,0.0,0.0,-31.125407,-75.331085,-6.554892,11.745479,112,2,1,review,large_single_year_drop;lmh_order_violation,increase_smoothing_or_shape_constraint,1,288.065257
cwhvm2_hw_yc_l,cwhvm2_hw_yc,L,True,smoothed_bin_pchip,63,1,299,835.859272,150,835.859272,404.01567,8.0,14.0,25.0,530.508652,763.007745,633.633687,472.247496,0.0,0.0,-8.785477,-71.582707,-6.252983,11.33783,146,26,1,review,large_single_year_drop,increase_smoothing_or_shape_constraint,0,0.0
cwhvm2_hw_yc_m,cwhvm2_hw_yc,M,True,smoothed_bin_pchip,33,1,299,961.360857,150,961.360857,548.0264,5.0,11.0,20.0,614.71011,879.979076,696.96053,536.505024,12.531677,0.013035,-0.359751,11.00679,-7.204426,10.98796,106,33,3,review,large_single_year_drop,increase_smoothing_or_shape_constraint,0,0.0
cwhvm2_yc_l,cwhvm2_yc,L,True,smoothed_bin_pchip,3,1,299,789.275629,155,789.275629,9.5,9.0,16.0,28.0,447.946841,688.182677,189.053574,9.307863,0.205406,0.00026,0.059767,0.195722,-20.419491,9.544925,78,52,1,review,large_single_year_drop;lmh_order_violation,increase_smoothing_or_shape_constraint,1,78.860304
cwhvm2_yc_cw_h,cwhvm2_yc_cw,H,True,smoothed_bin_pchip,10,1,299,906.546746,155,906.546746,361.9744,8.0,15.0,26.0,524.969518,803.011002,512.85662,329.598378,37.626659,0.041505,6.577657,33.092728,-14.56262,10.963724,78,49,2,review,large_single_year_drop;lmh_order_violation,increase_smoothing_or_shape_constraint,2,546.751458
cwhvm2_yc_hm_l,cwhvm2_yc_hm,L,True,smoothed_bin_pchip,30,1,299,1015.881867,150,1015.881867,386.0,4.0,9.0,17.0,694.273969,946.774076,911.15014,696.181898,0.0,0.0,-57.814819,-319.40052,-10.139368,12.021038,144,52,1,review,large_single_year_drop;lmh_order_violation,increase_smoothing_or_shape_constraint,2,760.282933
cwhvm2_yc_hw_l,cwhvm2_yc_hw,L,True,smoothed_bin_pchip,48,1,299,1006.785015,130,1006.785015,248.944,3.0,7.0,15.0,718.817702,988.459849,493.640546,315.763202,18.944,0.018816,10.801901,-70.995851,-11.050226,11.779638,161,61,2,review,large_single_year_drop;lmh_order_violation,increase_smoothing_or_shape_constraint,2,303.838781
cwhvm2_yc_hw_m,cwhvm2_yc_hw,M,True,smoothed_bin_pchip,21,1,299,766.889077,155,766.889077,415.9,9.0,16.0,27.0,469.900359,684.964494,500.736683,419.753451,0.0,0.0,-0.790439,-4.026183,-9.04671,9.96014,79,33,1,review,large_single_year_drop;lmh_order_violation,increase_smoothing_or_shape_constraint,2,303.838781
mhmm1_cw_hw_l,mhmm1_cw_hw,L,True,smoothed_bin_pchip,4,1,299,1086.08744,185,1086.08744,540.875973,6.0,11.0,21.0,665.891626,948.968553,1083.594148,1056.006908,0.0,0.0,-481.97297,-515.799555,-188.211946,17.505109,97,8,3,review,large_single_year_drop;lmh_order_violation,increase_smoothing_or_shape_constraint,3,887.648486
mhmm1_hm_ba_l,mhmm1_hm_ba,L,True,smoothed_bin_pchip,3,1,299,1082.575024,190,1082.575024,286.0,9.0,16.0,26.0,655.502133,963.11875,1081.992494,817.662653,0.0,0.0,-68.560458,-548.827156,-19.52584,14.811182,88,59,1,review,large_single_year_drop;lmh_order_violation,increase_smoothing_or_shape_constraint,2,445.93456
mhmm1_hm_yc_h,mhmm1_hm_yc,H,True,smoothed_bin_pchip,6,1,299,828.036449,191,828.036449,532.062667,4.0,10.0,22.0,439.124387,670.248657,824.1,723.793051,0.0,0.0,-26.326056,-197.857177,-6.948166,7.281422,98,27,1,review,large_single_year_drop;lmh_order_violation,increase_smoothing_or_shape_constraint,2,837.034336
mhmm1_hm_yc_l,mhmm1_hm_yc,L,True,smoothed_bin_pchip,14,1,299,1029.477518,160,1029.477518,519.878766,5.0,11.0,19.0,683.367741,939.745908,834.999783,573.048866,0.0,0.0,-10.084411,-55.795246,-7.532224,12.162682,131,53,1,review,large_single_year_drop;lmh_order_violation,increase_smoothing_or_shape_constraint,2,837.034336
mhmm1_hw_ba_h,mhmm1_hw_ba,H,True,smoothed_bin_pchip,25,1,299,1033.654009,195,1033.654009,819.979291,6.0,11.0,19.0,706.516413,952.837767,1033.624733,985.03531,0.0,0.0,-59.962898,-168.320903,-13.736582,12.971551,81,3,1,review,large_single_year_drop;lmh_order_violation,increase_smoothing_or_shape_constraint,2,275.691843
mhmm1_hw_ba_l,mhmm1_hw_ba,L,True,smoothed_bin_pchip,27,1,299,833.220315,150,833.220315,514.238844,4.0,10.0,21.0,492.138709,753.997305,758.067883,668.247365,0.0,0.0,-35.188422,-158.45453,-5.717689,8.461584,141,1,1,review,large_single_year_drop;lmh_order_violation,increase_smoothing_or_shape_constraint,2,275.691843
mhmm1_hw_ba_m,mhmm1_hw_ba,M,True,smoothed_bin_pchip,21,1,299,581.452665,95,581.452665,498.2676,2.0,6.0,12.0,569.900766,563.023191,526.563333,491.952367,13.8176,0.023764,12.115017,5.838065,-1.246465,12.283021,131,0,4,review,wobbly_multi_extrema;lmh_order_violation,increase_smoothing_or_shape_constraint,2,275.691843
mhmm1_hw_yc_l,mhmm1_hw_yc,L,True,smoothed_bin_pchip,11,1,299,1056.68866,170,1056.68866,427.562667,6.0,12.0,21.0,624.786472,914.287396,1038.756195,827.614558,0.0,0.0,-56.723259,-412.674874,-14.328683,11.654604,115,51,1,review,large_single_year_drop;lmh_order_violation,increase_smoothing_or_shape_constraint,1,635.907179
mhmm1_yc_l,mhmm1_yc,L,True,smoothed_bin_pchip,4,1,299,721.186353,160,721.186353,441.249198,7.0,14.0,25.0,421.368822,622.359839,625.455278,570.166006,0.0,0.0,-111.860889,-129.411463,-41.266397,7.977174,128,4,3,review,large_single_year_drop;lmh_order_violation,increase_smoothing_or_shape_constraint,1,720.888226
mhmm1_yc_hm_h,mhmm1_yc_hm,H,True,smoothed_bin_pchip,4,1,299,1367.690362,155,1367.690362,726.708215,5.0,10.0,18.0,911.711974,1256.801124,1101.84702,949.708706,0.0,0.0,-42.712569,-228.176514,-9.222815,16.624278,133,65,1,review,large_single_year_drop,increase_smoothing_or_shape_constraint,0,0.0
mhmm1_yc_hm_l,mhmm1_yc_hm,L,True,smoothed_bin_pchip,6,1,299,373.843871,235,373.843871,194.291264,5.0,13.0,32.0,196.434385,295.566918,372.8,373.564897,0.0,0.0,-172.200986,-179.315973,-68.258527,6.601061,22,4,3,review,large_single_year_drop,increase_smoothing_or_shape_constraint,0,0.0
mhmm1_yc_hm_m,mhmm1_yc_hm,M,True,smoothed_bin_pchip,7,1,299,892.608273,160,892.608273,606.059413,8.0,14.0,23.0,665.153168,805.889751,700.863345,624.268346,0.0,0.0,-7.002367,-18.604441,-6.763975,13.863723,137,25,1,review,large_single_year_drop,increase_smoothing_or_shape_constraint,0,0.0
mhmm1_yc_hw_h,mhmm1_yc_hw,H,True,smoothed_bin_pchip,7,1,299,935.818526,180,935.818526,586.479663,7.0,13.0,24.0,570.676958,832.230672,932.671978,859.510774,0.0,0.0,-218.134644,-275.697051,-84.035325,11.32413,96,7,3,review,large_single_year_drop;lmh_order_violation,increase_smoothing_or_shape_constraint,2,940.418902
mhmm1_yc_hw_l,mhmm1_yc_hw,L,True,smoothed_bin_pchip,12,1,299,940.744395,145,940.744395,318.3352,4.0,9.0,18.0,656.773608,898.541544,528.564465,411.658917,0.0,0.0,-103.836003,-93.329269,-43.7424,11.160968,102,49,5,review,wobbly_multi_extrema;large_single_year_drop;lmh_order_violation,increase_smoothing_or_shape_constraint,2,940.418902
cwhvh1_ba_hw_h,cwhvh1_ba_hw,H,True,smoothed_bin_pchip,2,1,299,806.146436,190,806.146436,794.377291,4.0,10.0,21.0,455.809401,665.536569,805.120156,802.103471,0.0,0.0,-7.832583,-7.404121,-0.450186,7.439044,43,0,3,review,lmh_order_violation,review_lmh_order_or_borrowing,1,304.222638
cwhvh1_ba_hw_l,cwhvh1_ba_hw,L,True,smoothed_bin_pchip,2,1,299,1027.664256,150,1027.664256,946.479231,4.0,8.0,16.0,704.161354,969.492805,999.312326,971.732645,0.0,0.0,-9.659048,-25.79666,-0.693721,11.824416,147,0,1,review,lmh_order_violation,review_lmh_order_or_borrowing,1,304.222638
cwhvh1_cw_h,cwhvh1_cw,H,True,smoothed_bin_pchip,15,1,299,892.37858,155,892.37858,639.6344,9.0,16.0,27.0,548.163029,828.307169,810.231506,699.643467,0.0,0.0,-7.664794,-62.933821,-2.998414,12.092661,138,0,1,review,lmh_order_violation,review_lmh_order_or_borrowing,1,177.174506
cwhvh1_cw_ba_h,cwhvh1_cw_ba,H,True,smoothed_bin_pchip,2,1,299,985.319319,160,985.319319,822.905422,13.0,22.0,33.0,538.874451,877.664638,861.314164,825.031487,0.0,0.0,-1.074146,-2.136977,-4.345964,13.877343,63,0,1,review,lmh_order_violation,review_lmh_order_or_borrowing,1,490.922038
cwhvh1_cw_ba_l,cwhvh1_cw_ba,L,True,smoothed_bin_pchip,2,1,299,1218.322903,155,1218.322903,1114.76604,2.0,6.0,12.0,969.257449,1172.319246,1193.107644,1150.659299,0.0,0.0,-13.365733,-36.692849,-0.886662,17.681342,136,0,1,review,lmh_order_violation,review_lmh_order_or_borrowing,1,490.922038
cwhvh1_cw_dr_h,cwhvh1_cw_dr,H,True,smoothed_bin_pchip,2,1,299,818.795136,160,818.795136,751.152422,10.0,18.0,28.0,547.230367,765.267955,801.358414,775.531416,0.0,0.0,-9.777755,-24.884669,-0.551128,12.425543,133,0,1,review,lmh_order_violation,review_lmh_order_or_borrowing,1,165.720328
cwhvh1_cw_dr_l,cwhvh1_cw_dr,L,True,smoothed_bin_pchip,2,1,299,977.345483,170,977.345483,895.183407,6.0,12.0,22.0,639.166043,892.63476,966.826097,930.061436,0.0,0.0,-13.513918,-35.625499,-0.777006,12.145592,119,0,1,review,lmh_order_violation,review_lmh_order_or_borrowing,1,165.720328
cwhvh1_cw_hw_h,cwhvh1_cw_hw,H,True,smoothed_bin_pchip,138,1,299,797.604556,175,797.604556,713.106313,10.0,18.0,28.0,493.689101,708.025887,783.220025,749.453992,0.0,0.0,-10.245153,-37.449671,-1.120261,10.858843,122,0,1,review,lmh_order_violation,review_lmh_order_or_borrowing,1,29.691359
cwhvh1_cw_hw_l,cwhvh1_cw_hw,L,True,smoothed_bin_pchip,172,1,299,613.123038,165,613.123038,457.307847,10.0,18.0,31.0,362.153893,538.302686,563.469187,496.128491,0.0,0.0,-8.338612,-40.556605,-2.299695,8.455078,121,0,1,review,lmh_order_violation,review_lmh_order_or_borrowing,1,29.691359
cwhvh1_cw_hw_m,cwhvh1_cw_hw,M,True,smoothed_bin_pchip,118,1,299,656.797342,170,656.797342,578.525067,3.0,10.0,22.0,376.754826,564.371297,632.090045,592.514687,0.0,0.0,-1.972341,-14.631183,-1.375595,6.398531,97,0,1,review,lmh_order_violation,review_lmh_order_or_borrowing,1,29.691359
cwhvh1_cw_yc_h,cwhvh1_cw_yc,H,True,smoothed_bin_pchip,14,1,299,775.969069,215,775.969069,768.810844,12.0,21.0,33.0,434.719797,663.837399,774.830351,774.088434,0.0,0.0,-2.213671,-5.366236,-0.164227,10.620747,0,0,0,review,lmh_order_violation,review_lmh_order_or_borrowing,1,144.481662
cwhvh1_dr_hw_h,cwhvh1_dr_hw,H,True,smoothed_bin_pchip,6,1,299,410.249332,110,410.249332,304.19696,3.0,7.0,14.0,399.035346,408.432942,334.118509,313.43753,0.0,0.0,-3.398264,-9.482614,-1.172222,8.924642,131,0,1,review,lmh_order_violation,review_lmh_order_or_borrowing,2,203.662892
cwhvh1_dr_hw_l,cwhvh1_dr_hw,L,True,smoothed_bin_pchip,6,1,299,401.63985,165,401.63985,351.428766,3.0,7.0,14.0,345.407027,377.554778,391.893977,366.165755,0.0,0.0,-4.645477,-15.161974,-0.562767,8.010212,112,0,1,review,lmh_order_violation,review_lmh_order_or_borrowing,2,203.662892
cwhvh1_dr_hw_m,cwhvh1_dr_hw,M,True,smoothed_bin_pchip,6,1,299,550.218325,160,550.218325,496.182657,3.0,6.0,13.0,474.910156,522.531365,537.122653,513.115396,0.0,0.0,-6.502651,-17.305602,-0.554924,10.233048,123,0,1,review,lmh_order_violation,review_lmh_order_or_borrowing,2,203.662892
cwhvh1_hw_l,cwhvh1_hw,L,True,smoothed_bin_pchip,20,1,299,559.498489,165,559.498489,477.056,13.0,28.0,47.0,247.106164,487.005358,502.768942,470.585172,24.542363,0.043865,-7.794079,7.66999,-3.029042,11.103632,74,0,3,review,lmh_order_violation,review_lmh_order_or_borrowing,1,276.224921
cwhvh1_hw_cw_h,cwhvh1_hw_cw,H,True,smoothed_bin_pchip,96,1,299,1040.455135,165,1040.455135,834.831457,6.0,12.0,21.0,683.362377,934.525212,974.110249,882.446092,0.0,0.0,-11.026499,-49.414746,-2.813195,12.700217,132,0,1,review,lmh_order_violation,review_lmh_order_or_borrowing,1,11.833777
cwhvh1_hw_cw_l,cwhvh1_hw_cw,L,True,smoothed_bin_pchip,117,1,299,594.328732,180,594.328732,496.968582,6.0,14.0,27.0,324.749505,491.048167,584.386431,534.696678,0.0,0.0,-9.714811,-39.096855,-1.39597,6.078908,117,0,1,review,lmh_order_violation,review_lmh_order_or_borrowing,1,11.833777
cwhvh1_hw_cw_m,cwhvh1_hw_cw,M,True,smoothed_bin_pchip,69,1,299,794.820947,185,794.820947,659.069829,3.0,8.0,19.0,457.934549,672.925291,792.731039,719.475756,0.0,0.0,-10.723071,-63.053353,-2.699795,8.388458,102,0,1,review,lmh_order_violation,review_lmh_order_or_borrowing,1,11.833777
cwhvh1_hw_dr_h,cwhvh1_hw_dr,H,True,smoothed_bin_pchip,9,1,299,890.331181,135,890.331181,651.111558,6.0,12.0,20.0,678.681178,872.886407,808.132311,722.920168,0.0,0.0,-20.10922,-74.124875,-2.346888,12.750642,159,0,1,review,lmh_order_violation,review_lmh_order_or_borrowing,1,62.923386
cwhvh1_hw_dr_l,cwhvh1_hw_dr,L,True,smoothed_bin_pchip,11,1,299,550.470082,145,550.470082,462.25552,6.0,13.0,27.0,302.297106,501.745806,531.417034,495.720743,0.0,0.0,-12.782098,-34.208554,-0.796204,5.481369,139,0,1,review,lmh_order_violation,review_lmh_order_or_borrowing,1,62.923386
cwhvh1_hw_dr_m,cwhvh1_hw_dr,M,True,smoothed_bin_pchip,7,1,299,514.561037,175,514.561037,426.64517,10.0,18.0,31.0,321.901004,450.532606,503.536452,463.471957,0.0,0.0,-14.582235,-37.600573,-0.830618,6.720267,118,0,1,review,lmh_order_violation,review_lmh_order_or_borrowing,1,62.923386
cwhvh1_ss_h,cwhvh1_ss,H,True,smoothed_bin_pchip,2,1,299,522.478355,190,522.478355,477.240972,11.0,21.0,36.0,255.763617,412.642671,521.298278,499.268123,0.0,0.0,-8.300598,-22.511715,-0.52229,5.752049,95,0,1,review,lmh_order_violation,review_lmh_order_or_borrowing,1,143.3
cwhvh1_ss_l,cwhvh1_ss,L,True,smoothed_bin_pchip,2,1,299,652.494231,200,652.494231,620.12,15.0,25.0,38.0,327.453119,515.466534,652.494231,637.086395,0.0,0.0,-6.677221,-17.334522,-0.377252,8.629582,88,0,1,review,lmh_order_violation,review_lmh_order_or_borrowing,1,143.3
cwhvh1_ss_cw_h,cwhvh1_ss_cw,H,True,smoothed_bin_pchip,2,1,299,1399.584454,170,1399.584454,1291.949704,4.0,7.0,14.0,1005.643558,1298.249924,1383.811152,1335.656937,0.0,0.0,-16.83687,-44.660331,-0.990876,17.690758,123,0,1,review,lmh_order_violation,review_lmh_order_or_borrowing,1,311.701254
cwhvh1_ss_hw_h,cwhvh1_ss_hw,H,True,smoothed_bin_pchip,10,1,299,607.320051,195,607.320051,563.716221,5.0,13.0,30.0,292.375761,492.466406,607.206066,594.543235,0.0,0.0,-12.790721,-31.213403,-1.578171,8.15259,74,0,1,review,lmh_order_violation,review_lmh_order_or_borrowing,3,503.729502
cwhvh1_yc_cw_h,cwhvh1_yc_cw,H,True,smoothed_bin_pchip,6,1,299,588.587467,299,588.587467,588.587467,16.0,26.0,39.0,323.375374,534.896018,580.114606,586.149799,0.0,0.0,0.758364,2.511296,-0.32105,8.708588,10,0,2,review,lmh_order_violation,review_lmh_order_or_borrowing,3,474.062532
cwhvh1_yc_cw_l,cwhvh1_yc_cw,L,True,smoothed_bin_pchip,12,1,299,860.997966,175,860.997966,774.516722,5.0,12.0,22.0,524.246384,754.153876,850.379555,805.226149,0.0,0.0,-10.086243,-31.571582,-0.955697,9.382878,118,0,1,review,lmh_order_violation,review_lmh_order_or_borrowing,3,474.062532
cwhvh1_yc_hw_h,cwhvh1_yc_hw,H,True,smoothed_bin_pchip,2,1,299,600.556116,200,600.556116,581.908361,15.0,25.0,38.0,328.473398,512.781214,600.556116,593.640894,0.0,0.0,-4.784067,-11.946684,-0.282624,8.649863,20,0,1,review,lmh_order_violation,review_lmh_order_or_borrowing,1,225.617669
cwhvh1_yc_hw_m,cwhvh1_yc_hw,M,True,smoothed_bin_pchip,3,1,299,825.523263,195,825.523263,766.704848,13.0,22.0,34.0,422.915544,695.277289,825.072227,789.452856,0.0,0.0,-7.636884,-23.495845,-0.96641,10.67109,94,0,1,review,lmh_order_violation,review_lmh_order_or_borrowing,1,225.617669
cwhvm1_ba_hw_h,cwhvm1_ba_hw,H,True,smoothed_bin_pchip,35,1,299,1118.544913,195,1118.544913,1001.133425,5.0,11.0,19.0,758.151465,1018.062343,1117.960768,1059.741081,0.0,0.0,-17.886724,-60.462132,-1.960849,13.783696,98,0,1,review,lmh_order_violation,review_lmh_order_or_borrowing,1,14.361504
cwhvm1_ba_hw_m,cwhvm1_ba_hw,M,True,smoothed_bin_pchip,26,1,299,1026.196731,165,1026.196731,835.234194,4.0,8.0,17.0,682.290401,936.970501,993.890987,915.584647,0.0,0.0,-2.134465,-84.062966,-3.879625,12.691704,118,0,3,review,lmh_order_violation,review_lmh_order_or_borrowing,1,14.361504
cwhvm1_cw_dr_h,cwhvm1_cw_dr,H,True,smoothed_bin_pchip,5,1,299,949.598776,185,949.598776,902.184444,6.0,15.0,30.0,418.413083,815.162192,947.452858,924.333737,0.0,0.0,-8.461763,-22.637387,-0.50402,11.043258,101,0,1,review,lmh_order_violation,review_lmh_order_or_borrowing,2,196.65
cwhvm1_cw_hw_h,cwhvm1_cw_hw,H,True,smoothed_bin_pchip,694,1,299,943.689368,170,943.689368,857.675354,8.0,14.0,24.0,595.065443,842.815677,929.400362,897.843214,0.0,0.0,-18.197014,-41.028268,-3.724707,12.187807,123,0,1,review,lmh_order_violation,review_lmh_order_or_borrowing,1,17.350868
cwhvm1_cw_hw_l,cwhvm1_cw_hw,L,True,smoothed_bin_pchip,884,1,299,783.068467,160,783.068467,559.828456,8.0,16.0,27.0,477.75802,700.882258,679.087835,601.246073,0.0,0.0,-15.324557,-42.811982,-4.748911,10.092076,127,0,1,review,lmh_order_violation,review_lmh_order_or_borrowing,1,17.350868
cwhvm1_cw_hw_m,cwhvm1_cw_hw,M,True,smoothed_bin_pchip,544,1,299,830.561536,165,830.561536,728.342358,12.0,20.0,30.0,518.413656,739.299661,792.519223,758.922386,0.0,0.0,-12.754056,-31.303364,-3.336716,12.859416,119,0,1,review,lmh_order_violation,review_lmh_order_or_borrowing,1,17.350868
cwhvm1_cw_yc_m,cwhvm1_cw_yc,M,True,smoothed_bin_pchip,30,1,299,715.166245,165,715.166245,591.584533,10.0,19.0,31.0,405.381381,623.233047,631.3688,598.306722,0.0,0.0,-2.598606,-6.860239,-3.256151,11.234446,59,0,1,review,lmh_order_violation,review_lmh_order_or_borrowing,1,116.129202
cwhvm1_dr_cw_h,cwhvm1_dr_cw,H,True,smoothed_bin_pchip,3,1,299,850.472954,185,850.472954,778.586545,4.0,8.0,15.0,683.630711,760.873525,846.705054,812.420599,0.0,0.0,-12.995194,-34.5669,-0.762303,12.550941,107,0,1,review,lmh_order_violation,review_lmh_order_or_borrowing,1,551.470152
cwhvm1_dr_cw_m,cwhvm1_dr_cw,M,True,smoothed_bin_pchip,9,1,299,308.653403,115,308.653403,229.557309,3.0,7.0,16.0,295.894295,308.285352,252.451845,236.019646,0.0,0.0,-2.529534,-6.607064,-0.879665,6.606484,107,0,1,review,lmh_order_violation,review_lmh_order_or_borrowing,1,551.470152
cwhvm1_dr_ss_h,cwhvm1_dr_ss,H,True,smoothed_bin_pchip,8,1,299,704.605211,170,704.605211,626.686545,3.0,8.0,17.0,444.934186,624.150134,694.935486,659.781824,0.0,0.0,-12.845246,-33.803204,-0.76167,8.049218,118,0,1,review,lmh_order_violation,review_lmh_order_or_borrowing,1,87.845593
cwhvm1_dr_ss_l,cwhvm1_dr_ss,L,True,smoothed_bin_pchip,11,1,299,368.553853,125,368.553853,281.459413,5.0,14.0,31.0,253.23132,367.215367,324.355669,300.611029,0.0,0.0,-7.243346,-19.580835,-0.76443,10.955669,165,0,1,review,lmh_order_violation,review_lmh_order_or_borrowing,1,87.845593
cwhvm1_dr_ss_m,cwhvm1_dr_ss,M,True,smoothed_bin_pchip,7,1,299,467.490372,115,467.490372,344.280655,3.0,7.0,14.0,447.78911,466.721895,389.143837,361.072671,0.0,0.0,-5.748192,-17.242581,-1.27035,9.718507,174,0,1,review,lmh_order_violation,review_lmh_order_or_borrowing,1,87.845593
cwhvm1_fd_l,cwhvm1_fd,L,True,smoothed_bin_pchip,5,1,299,966.606713,185,966.606713,893.5688,10.0,18.0,29.0,534.072858,809.714332,962.880332,930.835081,0.0,0.0,-12.377354,-38.13731,-0.911496,13.463255,107,0,1,review,lmh_order_violation,review_lmh_order_or_borrowing,3,966.259869
cwhvm1_fdc_hw_h,cwhvm1_fdc_hw,H,True,smoothed_bin_pchip,13,1,299,1386.036079,190,1386.036079,1316.859413,4.0,9.0,16.0,882.303187,1216.453769,1384.437254,1352.165211,0.0,0.0,-9.073008,-36.310162,-1.037817,16.748562,99,0,1,review,lmh_order_violation,review_lmh_order_or_borrowing,1,6.393337
cwhvm1_fdc_hw_l,cwhvm1_fdc_hw,L,True,smoothed_bin_pchip,16,1,299,909.796068,145,909.796068,835.328267,6.0,11.0,20.0,643.35863,863.137629,896.88898,866.701266,0.0,0.0,-12.294719,-32.034581,-0.707486,11.697834,124,0,1,review,lmh_order_violation,review_lmh_order_or_borrowing,1,6.393337
cwhvm1_fdc_hw_m,cwhvm1_fdc_hw,M,True,smoothed_bin_pchip,7,1,299,1144.750786,180,1144.750786,1053.428205,3.0,7.0,15.0,726.794302,1009.107434,1139.355378,1103.230241,0.0,0.0,-19.083847,-50.753854,-1.133931,12.167921,111,0,1,review,lmh_order_violation,review_lmh_order_or_borrowing,1,6.393337
cwhvm1_hm_yc_m,cwhvm1_hm_yc,M,True,smoothed_bin_pchip,2,1,299,1395.532826,170,1395.532826,1283.328205,3.0,7.0,13.0,987.594221,1281.544649,1381.356339,1331.13203,0.0,0.0,-18.400546,-48.837754,-1.062674,16.997167,122,0,1,review,lmh_order_violation,review_lmh_order_or_borrowing,1,761.8207
cwhvm1_hw_fd_h,cwhvm1_hw_fd,H,True,smoothed_bin_pchip,56,1,299,1265.740272,170,1265.740272,1120.135135,3.0,7.0,14.0,833.587539,1135.696672,1245.276499,1192.475381,0.0,0.0,-25.448842,-73.995753,-3.87027,13.945593,124,0,1,review,lmh_order_violation,review_lmh_order_or_borrowing,1,56.273326
cwhvm1_hw_fd_l,cwhvm1_hw_fd,L,True,smoothed_bin_pchip,63,1,299,1064.334544,185,1064.334544,893.915796,7.0,13.0,21.0,708.300929,960.96465,1058.801057,976.594769,0.0,0.0,-18.768623,-85.213151,-2.609196,13.613135,108,0,1,review,lmh_order_violation,review_lmh_order_or_borrowing,1,56.273326
cwhvm1_hw_fd_m,cwhvm1_hw_fd,M,True,smoothed_bin_pchip,54,1,299,1057.370417,185,1057.370417,981.164166,3.0,7.0,15.0,659.473391,913.150845,1052.5367,1020.723283,0.0,0.0,-14.139924,-40.392928,-0.909123,11.741347,109,0,1,review,lmh_order_violation,review_lmh_order_or_borrowing,1,56.273326
cwhvm1_hw_ss_h,cwhvm1_hw_ss,H,True,smoothed_bin_pchip,228,1,299,1185.819949,170,1185.819949,996.48912,3.0,7.0,15.0,769.124691,1060.781084,1164.235514,1081.19344,0.0,0.0,-18.581777,-87.316714,-2.694783,13.903513,123,0,1,review,lmh_order_violation,review_lmh_order_or_borrowing,1,95.75
cwhvm1_hw_ss_l,cwhvm1_hw_ss,L,True,smoothed_bin_pchip,449,1,299,1057.282887,175,1057.282887,929.493807,3.0,8.0,16.0,671.677951,939.139162,1043.011826,980.756932,0.0,0.0,-14.386872,-52.836355,-1.584423,10.998294,122,0,1,review,lmh_order_violation,review_lmh_order_or_borrowing,1,95.75
cwhvm1_hw_ss_m,cwhvm1_hw_ss,M,True,smoothed_bin_pchip,72,1,299,1193.283601,175,1193.283601,1090.565714,4.0,8.0,16.0,791.094487,1077.418386,1184.038898,1135.245962,0.0,0.0,-15.366963,-45.824966,-1.155134,13.491183,117,0,1,review,lmh_order_violation,review_lmh_order_or_borrowing,1,95.75
cwhvm1_pl_cw_h,cwhvm1_pl_cw,H,True,smoothed_bin_pchip,4,1,299,628.79342,145,628.79342,480.704222,3.0,9.0,20.0,385.649681,576.760378,550.37904,512.642754,0.0,0.0,-11.853936,-32.656126,-2.154444,6.23761,152,0,1,review,lmh_order_violation,review_lmh_order_or_borrowing,3,289.280009
cwhvm1_pli_sx_m,cwhvm1_pli_sx,M,True,smoothed_bin_pchip,2,1,299,555.281157,200,555.281157,543.38,15.0,26.0,41.0,271.351296,458.257136,555.281157,550.002106,0.0,0.0,-2.687159,-6.75662,-0.142218,7.125739,0,0,0,review,lmh_order_violation,review_lmh_order_or_borrowing,3,157.667599
cwhvm1_ss_h,cwhvm1_ss,H,True,smoothed_bin_pchip,3,1,299,1692.719186,170,1692.719186,1546.453219,3.0,7.0,13.0,1196.324973,1559.491415,1668.997791,1601.532042,0.0,0.0,-20.468129,-56.349008,-1.404438,20.828307,127,0,1,review,lmh_order_violation,review_lmh_order_or_borrowing,1,24.34566
cwhvm1_ss_l,cwhvm1_ss,L,True,smoothed_bin_pchip,4,1,299,613.979141,195,613.979141,459.148,5.0,11.0,25.0,324.41393,494.8,613.711461,512.358386,0.0,0.0,-0.867806,-56.880369,-3.880907,5.311021,75,0,1,review,lmh_order_violation,review_lmh_order_or_borrowing,1,24.34566
cwhvm1_ss_m,cwhvm1_ss,M,True,smoothed_bin_pchip,3,1,299,786.265668,190,786.265668,762.309422,11.0,19.0,31.0,407.13858,624.570351,785.024644,772.827348,0.0,0.0,-4.196849,-10.728899,-0.290235,9.176197,21,0,1,review,lmh_order_violation,review_lmh_order_or_borrowing,1,24.34566
cwhvm1_ss_dr_h,cwhvm1_ss_dr,H,True,smoothed_bin_pchip,6,1,299,1082.192409,135,1082.192409,748.235588,5.0,9.0,16.0,883.679172,1068.884404,946.780859,837.241501,0.0,0.0,-24.25998,-91.362988,-2.644633,17.000314,163,0,1,review,lmh_order_violation,review_lmh_order_or_borrowing,2,52.931463
cwhvm1_ss_dr_l,cwhvm1_ss_dr,L,True,smoothed_bin_pchip,6,1,299,825.54449,185,825.54449,746.372229,7.0,13.0,22.0,571.594847,731.768411,821.148764,776.373413,0.0,0.0,-8.061051,-31.04608,-1.099016,11.03736,104,0,1,review,lmh_order_violation,review_lmh_order_or_borrowing,2,52.931463
cwhvm1_ss_dr_m,cwhvm1_ss_dr,M,True,smoothed_bin_pchip,4,1,299,937.389098,175,937.389098,757.653219,9.0,16.0,26.0,562.591014,802.748987,922.709631,831.297455,0.0,0.0,-21.438534,-75.950487,-2.344259,11.941929,118,0,1,review,lmh_order_violation,review_lmh_order_or_borrowing,2,52.931463
cwhvm1_yc_h,cwhvm1_yc,H,True,smoothed_bin_pchip,4,1,299,700.117722,225,700.117722,684.265716,17.0,27.0,41.0,303.466843,506.103517,684.037675,695.245569,0.0,0.0,-4.169948,-11.209714,-0.299101,8.384548,7,0,1,review,lmh_order_violation,review_lmh_order_or_borrowing,1,329.741933
cwhvm1_yc_hm_m,cwhvm1_yc_hm,M,True,smoothed_bin_pchip,5,1,299,260.83,299,260.83,260.83,5.0,14.0,35.0,156.996361,222.750061,256.576256,259.257052,0.0,0.0,0.510117,1.618908,-0.05536,2.432177,0,0,0,review,lmh_order_violation,review_lmh_order_or_borrowing,1,702.456592
cwhvm1_yc_hw_h,cwhvm1_yc_hw,H,True,smoothed_bin_pchip,27,1,299,827.659349,155,827.659349,605.056,9.0,17.0,29.0,487.764467,752.091091,689.068321,628.660957,0.0,0.0,-9.886751,-23.986996,-4.31759,10.61506,141,0,1,review,lmh_order_violation,review_lmh_order_or_borrowing,2,307.651784
cwhvm1_yc_hw_m,cwhvm1_yc_hw,M,True,smoothed_bin_pchip,23,1,299,717.263552,165,717.263552,524.9448,10.0,18.0,30.0,445.573541,647.480094,644.451842,555.809398,0.0,0.0,-3.356539,-32.406337,-3.107154,9.988471,116,0,1,review,lmh_order_violation,review_lmh_order_or_borrowing,2,307.651784
cwhvm1_yc_pl_h,cwhvm1_yc_pl,H,True,smoothed_bin_pchip,5,1,299,983.212663,160,983.212663,766.649009,5.0,11.0,21.0,599.951029,867.24862,859.8091,794.130347,0.0,0.0,-10.746347,-28.05867,-4.576414,10.88418,137,0,1,review,lmh_order_violation,review_lmh_order_or_borrowing,2,1119.248484
cwhvm1_yc_pl_m,cwhvm1_yc_pl,M,True,smoothed_bin_pchip,10,1,299,68.3,295,68.3,68.3,6.0,26.0,104.0,39.897409,55.826851,67.5,67.989345,0.0,0.0,0.127166,0.318346,-0.002003,0.581051,0,0,0,review,lmh_order_violation,review_lmh_order_or_borrowing,2,1119.248484
cwhvm2_ba_hm_h,cwhvm2_ba_hm,H,True,smoothed_bin_pchip,3,1,299,1197.358743,155,1197.358743,1144.291703,6.0,11.0,19.0,825.081311,1125.551572,1183.676124,1164.002351,0.0,0.0,-7.888392,-20.109902,-0.47558,15.126424,136,0,1,review,lmh_order_violation,review_lmh_order_or_borrowing,1,74.308408
cwhvm2_cw_dr_l,cwhvm2_cw_dr,L,True,smoothed_bin_pchip,2,1,299,691.875919,170,691.875919,617.545951,7.0,14.0,25.0,465.786834,642.829521,681.64191,648.413,0.0,0.0,-11.740638,-31.544757,-0.69429,8.946903,120,0,1,review,lmh_order_violation,review_lmh_order_or_borrowing,1,17.872057
cwhvm2_cw_dr_m,cwhvm2_cw_dr,M,True,smoothed_bin_pchip,2,1,299,1103.477541,205,1103.477541,1077.040299,9.0,17.0,27.0,577.179664,916.922469,1103.448625,1092.664427,0.0,0.0,-6.515153,-15.931977,-0.373558,12.912438,76,0,1,review,lmh_order_violation,review_lmh_order_or_borrowing,1,17.872057
cwhvm2_cw_hw_h,cwhvm2_cw_hw,H,True,smoothed_bin_pchip,51,1,299,903.918314,165,903.918314,770.828151,8.0,15.0,25.0,572.34419,813.004141,859.487549,806.745446,0.0,0.0,-9.334686,-36.935158,-1.805953,11.929173,125,0,1,review,lmh_order_violation,review_lmh_order_or_borrowing,2,236.934299
cwhvm2_cw_yc_l,cwhvm2_cw_yc,L,True,smoothed_bin_pchip,19,1,299,578.164472,145,578.164472,349.537248,10.0,19.0,31.0,386.720531,556.517036,526.297935,418.155242,0.0,0.0,-4.506671,-72.375871,-3.84597,8.66337,138,0,1,review,lmh_order_violation,review_lmh_order_or_borrowing,2,207.100223
cwhvm2_dr_h,cwhvm2_dr,H,True,smoothed_bin_pchip,4,1,299,827.761647,150,827.761647,714.604066,3.0,7.0,14.0,643.761235,799.791032,790.916191,748.930447,0.0,0.0,-12.595993,-35.100771,-0.95221,11.2888,142,0,1,review,lmh_order_violation,review_lmh_order_or_borrowing,1,20.568892
cwhvm2_dr_l,cwhvm2_dr,L,True,smoothed_bin_pchip,4,1,299,363.444281,195,363.444281,338.221905,14.0,26.0,45.0,160.776879,270.853026,363.232097,351.233681,0.0,0.0,-5.023676,-13.289705,-0.29606,3.783957,75,0,1,review,lmh_order_violation,review_lmh_order_or_borrowing,1,20.568892
cwhvm2_dr_m,cwhvm2_dr,M,True,smoothed_bin_pchip,2,1,299,632.07156,160,632.07156,598.0252,2.0,6.0,13.0,495.14824,592.694608,621.049658,608.768706,0.0,0.0,-4.226384,-10.965466,-0.346612,10.498969,49,0,1,review,lmh_order_violation,review_lmh_order_or_borrowing,1,20.568892
cwhvm2_dr_hw_h,cwhvm2_dr_hw,H,True,smoothed_bin_pchip,3,1,299,236.893987,115,236.893987,174.272178,3.0,8.0,18.0,226.55835,236.461676,193.70428,179.766206,0.0,0.0,-2.073846,-5.625577,-0.662715,4.905742,102,0,1,review,lmh_order_violation,review_lmh_order_or_borrowing,2,460.092212
cwhvm2_dr_hw_l,cwhvm2_dr_hw,L,True,smoothed_bin_pchip,3,1,299,552.582991,175,552.582991,494.351161,14.0,24.0,37.0,309.697821,484.400803,545.57847,519.325797,0.0,0.0,-9.641684,-25.511767,-0.55848,7.693261,114,0,1,review,lmh_order_violation,review_lmh_order_or_borrowing,2,460.092212
cwhvm2_dr_hw_m,cwhvm2_dr_hw,M,True,smoothed_bin_pchip,2,1,299,99.085258,125,99.085258,69.93232,5.0,14.0,42.0,89.260021,98.981805,86.765645,74.270703,0.0,0.0,-1.191487,-4.508429,-0.282816,1.500394,48,0,1,review,lmh_order_violation,review_lmh_order_or_borrowing,2,460.092212
cwhvm2_hm_ba_h,cwhvm2_hm_ba,H,True,smoothed_bin_pchip,7,1,299,555.72356,245,555.72356,546.809422,25.0,38.0,54.0,176.426871,373.142493,550.37836,555.632758,0.0,0.0,-4.041292,-8.851897,-0.235614,5.361046,0,0,0,review,lmh_order_violation,review_lmh_order_or_borrowing,3,703.224057
cwhvm2_hm_ba_m,cwhvm2_hm_ba,M,True,smoothed_bin_pchip,5,1,299,459.293858,215,459.293858,432.288282,3.0,8.0,16.0,383.2,413.716701,450.772345,440.669722,0.0,0.0,-5.672559,-8.655566,-0.748177,7.268345,69,0,3,review,lmh_order_violation,review_lmh_order_or_borrowing,3,703.224057
cwhvm2_hm_cw_l,cwhvm2_hm_cw,L,True,smoothed_bin_pchip,3,1,299,1048.778716,170,1048.778716,980.046904,5.0,10.0,18.0,671.659506,937.82755,1035.605632,997.601175,0.0,0.0,-6.408717,-18.025725,-0.914374,11.526177,118,0,1,review,lmh_order_violation,review_lmh_order_or_borrowing,1,1048.480589
cwhvm2_hm_yc_h,cwhvm2_hm_yc,H,True,smoothed_bin_pchip,23,1,299,721.987961,155,721.987961,473.26808,3.0,8.0,18.0,458.021034,611.496674,579.16386,527.406725,0.0,0.0,-12.209721,-55.44625,-4.517564,8.739387,135,0,1,review,lmh_order_violation,review_lmh_order_or_borrowing,2,553.049157
cwhvm2_hm_yc_m,cwhvm2_hm_yc,M,True,smoothed_bin_pchip,31,1,299,526.89423,150,526.89423,413.917537,8.0,16.0,29.0,354.569311,498.809692,485.932626,445.913441,0.0,0.0,-9.415283,-32.834316,-1.084783,7.196061,143,0,1,review,lmh_order_violation,review_lmh_order_or_borrowing,2,553.049157
cwhvm2_hw_h,cwhvm2_hw,H,True,smoothed_bin_pchip,43,1,299,922.232001,175,922.232001,825.3984,4.0,10.0,20.0,555.73695,812.642156,904.424537,860.172752,0.0,0.0,-10.100665,-35.662719,-3.2548,9.913127,117,0,3,review,lmh_order_violation,review_lmh_order_or_borrowing,1,78.191555
cwhvm2_hw_l,cwhvm2_hw,L,True,smoothed_bin_pchip,62,1,299,763.349016,145,763.349016,495.2,5.0,11.0,21.0,527.641784,713.395001,593.086806,525.758099,0.0,0.0,-8.331978,-31.29287,-4.52987,8.950439,141,0,1,review,lmh_order_violation,review_lmh_order_or_borrowing,1,78.191555
cwhvm2_hw_m,cwhvm2_hw,M,True,smoothed_bin_pchip,28,1,299,772.800529,160,772.800529,660.397225,11.0,19.0,30.0,450.593358,680.321603,715.102054,677.999348,0.0,0.0,-7.892937,-17.974934,-1.860081,11.637518,138,0,1,review,lmh_order_violation,review_lmh_order_or_borrowing,1,78.191555
cwhvm2_hw_ba_h,cwhvm2_hw_ba,H,True,smoothed_bin_pchip,315,1,299,1110.072224,170,1110.072224,985.872056,4.0,9.0,17.0,735.643797,1004.621817,1095.599981,1039.418925,0.0,0.0,-16.595287,-54.987383,-1.450585,12.579835,122,0,1,review,lmh_order_violation,review_lmh_order_or_borrowing,1,44.87191
cwhvm2_hw_ba_l,cwhvm2_hw_ba,L,True,smoothed_bin_pchip,434,1,299,920.31217,150,920.31217,620.125333,5.0,10.0,19.0,629.000692,859.417498,820.656569,688.77163,0.0,0.0,-9.197237,-72.083413,-3.555973,11.329316,145,0,1,review,lmh_order_violation,review_lmh_order_or_borrowing,1,44.87191
cwhvm2_hw_ba_m,cwhvm2_hw_ba,M,True,smoothed_bin_pchip,299,1,299,1005.36405,175,1005.36405,807.722891,6.0,12.0,22.0,616.308418,877.634087,983.523616,887.465569,0.0,0.0,-14.133408,-82.737612,-3.010571,11.645514,118,0,1,review,lmh_order_violation,review_lmh_order_or_borrowing,1,44.87191
cwhvm2_hw_cw_h,cwhvm2_hw_cw,H,True,smoothed_bin_pchip,125,1,299,988.67918,185,988.67918,885.132337,9.0,16.0,25.0,633.722916,868.111364,984.254359,935.092116,0.0,0.0,-15.677709,-51.358768,-1.403172,14.922414,108,0,1,review,lmh_order_violation,review_lmh_order_or_borrowing,2,155.65
cwhvm2_hw_cw_l,cwhvm2_hw_cw,L,True,smoothed_bin_pchip,134,1,299,837.986982,160,837.986982,573.725333,5.0,10.0,18.0,600.602183,767.322134,751.071383,640.578597,0.0,0.0,-17.064878,-69.509945,-3.06081,10.810728,138,0,1,review,lmh_order_violation,review_lmh_order_or_borrowing,2,155.65
cwhvm2_hw_cw_m,cwhvm2_hw_cw,M,True,smoothed_bin_pchip,114,1,299,821.677435,180,821.677435,694.794105,8.0,16.0,27.0,457.152569,686.486407,816.32196,756.142432,0.0,0.0,-16.503599,-63.29338,-1.958247,9.59022,111,0,1,review,lmh_order_violation,review_lmh_order_or_borrowing,2,155.65
cwhvm2_yc_h,cwhvm2_yc,H,True,smoothed_bin_pchip,3,1,299,903.568933,200,903.568933,880.102105,13.0,23.0,37.0,397.955307,726.72901,903.568933,892.140208,0.0,0.0,-4.538328,-12.308428,-0.278543,10.581911,66,0,1,review,lmh_order_violation,review_lmh_order_or_borrowing,1,78.860304
cwhvm2_yc_cw_m,cwhvm2_yc_cw,M,True,smoothed_bin_pchip,10,1,299,331.882066,155,331.882066,167.16768,18.0,32.0,53.0,145.287888,275.388411,201.612061,164.573779,4.242601,0.012783,0.854775,2.689327,-4.646672,4.893082,63,0,1,review,lmh_order_violation,review_lmh_order_or_borrowing,2,546.751458
cwhvm2_yc_hm_h,cwhvm2_yc_hm,H,True,smoothed_bin_pchip,27,1,299,754.31731,160,754.31731,521.028766,12.0,20.0,30.0,483.110518,688.375558,657.362669,585.288106,0.0,0.0,-11.208044,-66.267888,-3.506357,11.616731,131,0,1,review,lmh_order_violation,review_lmh_order_or_borrowing,2,760.282933
cwhvm2_yc_hw_h,cwhvm2_yc_hw,H,True,smoothed_bin_pchip,33,1,299,832.912065,180,832.912065,732.746904,8.0,15.0,25.0,533.778798,750.42504,824.891585,772.418594,0.0,0.0,-8.029233,-41.150861,-1.491676,10.834073,109,0,1,review,lmh_order_violation,review_lmh_order_or_borrowing,2,303.838781
mhmm1_ba_hw_h,mhmm1_ba_hw,H,True,smoothed_bin_pchip,9,1,299,1157.079214,180,1157.079214,1136.710327,6.0,12.0,20.0,768.278058,1050.695792,1155.646765,1145.748381,0.0,0.0,-3.22724,-9.24816,-0.217705,14.316627,0,0,0,review,lmh_order_violation,review_lmh_order_or_borrowing,1,38.010974
mhmm1_ba_hw_l,mhmm1_ba_hw,L,True,smoothed_bin_pchip,15,1,299,515.79472,299,515.79472,515.79472,32.0,45.0,59.0,153.727937,341.136563,495.328654,511.833781,0.0,0.0,1.346988,4.068158,0.0,5.4776,0,0,0,review,lmh_order_violation,review_lmh_order_or_borrowing,1,38.010974
mhmm1_ba_hw_m,mhmm1_ba_hw,M,True,smoothed_bin_pchip,9,1,299,1118.763399,180,1118.763399,999.438606,4.0,8.0,16.0,730.911627,1005.567953,1105.419206,1038.802921,0.0,0.0,-15.055613,-40.193582,-1.760149,12.245202,114,0,1,review,lmh_order_violation,review_lmh_order_or_borrowing,1,38.010974
mhmm1_cw_hw_m,mhmm1_cw_hw,M,True,smoothed_bin_pchip,3,1,299,624.867563,170,624.867563,610.7792,10.0,20.0,34.0,314.89045,506.716035,603.146361,598.312827,20.136415,0.032225,-3.560585,13.15029,-1.089488,7.047683,49,0,3,review,lmh_order_violation,review_lmh_order_or_borrowing,3,887.648486
mhmm1_hm_ba_h,mhmm1_hm_ba,H,True,smoothed_bin_pchip,2,1,299,943.789732,190,943.789732,905.872834,11.0,19.0,31.0,479.317001,774.207304,943.106414,922.094585,0.0,0.0,-5.570653,-16.65606,-0.478605,11.286867,92,0,1,review,lmh_order_violation,review_lmh_order_or_borrowing,2,445.93456
mhmm1_hm_ba_m,mhmm1_hm_ba,M,True,smoothed_bin_pchip,4,1,299,722.341933,260,722.341933,722.006267,22.0,33.0,47.0,266.910377,520.955783,717.267712,722.309989,0.0,0.0,-0.239699,-0.296833,-0.023909,8.029465,0,0,0,review,lmh_order_violation,review_lmh_order_or_borrowing,2,445.93456
mhmm1_hw_cw_l,mhmm1_hw_cw,L,True,smoothed_bin_pchip,2,1,299,829.213825,195,829.213825,799.834205,9.0,17.0,28.0,477.216351,709.954595,828.868764,815.103955,0.0,0.0,-5.754848,-15.597602,-0.371165,10.458781,81,0,1,review,lmh_order_violation,review_lmh_order_or_borrowing,1,714.462591
mhmm1_hw_yc_h,mhmm1_hw_yc,H,True,smoothed_bin_pchip,9,1,299,1187.647664,205,1187.647664,1168.836114,6.0,11.0,20.0,719.905731,1031.593547,1187.436778,1179.023816,0.0,0.0,-3.74157,-10.420053,-0.238053,13.482358,0,0,0,review,lmh_order_violation,review_lmh_order_or_borrowing,1,635.907179
mhmm1_hw_yc_m,mhmm1_hw_yc,M,True,smoothed_bin_pchip,4,1,299,442.45,290,442.45,442.23416,5.0,13.0,29.0,232.278526,348.971154,433.8,434.655901,0.0,0.0,0.79898,7.771752,-0.053949,3.723189,0,0,0,review,lmh_order_violation,review_lmh_order_or_borrowing,1,635.907179
cmaunp_hw_cw_l,cmaunp_hw_cw,L,False,insufficient_source_stands,1,250,300,0.0,0,0.0,0.0,,,,0.0,0.0,0.0,0.0,0.0,0.0,0.0,0.0,0.0,0.0,0,0,0,insufficient_source,not_accepted,borrow_or_fallback_required,0,0.0
cmaunp_yc_cw_l,cmaunp_yc_cw,L,False,insufficient_source_stands,1,250,300,0.0,0,0.0,0.0,,,,0.0,0.0,0.0,0.0,0.0,0.0,0.0,0.0,0.0,0.0,0,0,0,insufficient_source,not_accepted,borrow_or_fallback_required,0,0.0
cmaunp_yc_hw_l,cmaunp_yc_hw,L,False,insufficient_source_stands,1,250,300,0.0,0,0.0,0.0,,,,0.0,0.0,0.0,0.0,0.0,0.0,0.0,0.0,0.0,0.0,0,0,0,insufficient_source,not_accepted,borrow_or_fallback_required,0,0.0
cwhvh1_ba_cw_h,cwhvh1_ba_cw,H,False,insufficient_source_stands,1,25,300,0.0,0,0.0,0.0,,,,0.0,0.0,0.0,0.0,0.0,0.0,0.0,0.0,0.0,0.0,0,0,0,insufficient_source,not_accepted,borrow_or_fallback_required,0,0.0
cwhvh1_ba_cw_l,cwhvh1_ba_cw,L,False,insufficient_source_stands,1,50,300,0.0,0,0.0,0.0,,,,0.0,0.0,0.0,0.0,0.0,0.0,0.0,0.0,0.0,0.0,0,0,0,insufficient_source,not_accepted,borrow_or_fallback_required,0,0.0
cwhvh1_ba_hw_m,cwhvh1_ba_hw,M,False,insufficient_source_stands,1,117,300,0.0,0,0.0,0.0,,,,0.0,0.0,0.0,0.0,0.0,0.0,0.0,0.0,0.0,0.0,0,0,0,insufficient_source,not_accepted;lmh_order_violation,borrow_or_fallback_required,1,304.222638
cwhvh1_ba_ss_l,cwhvh1_ba_ss,L,False,insufficient_source_stands,1,40,300,0.0,0,0.0,0.0,,,,0.0,0.0,0.0,0.0,0.0,0.0,0.0,0.0,0.0,0.0,0,0,0,insufficient_source,not_accepted,borrow_or_fallback_required,0,0.0
cwhvh1_cw_dr_m,cwhvh1_cw_dr,M,False,insufficient_source_stands,1,27,300,0.0,0,0.0,0.0,,,,0.0,0.0,0.0,0.0,0.0,0.0,0.0,0.0,0.0,0.0,0,0,0,insufficient_source,not_accepted;lmh_order_violation,borrow_or_fallback_required,1,165.720328
cwhvh1_cw_yc_m,cwhvh1_cw_yc,M,False,insufficient_source_stands,11,362,390,0.0,0,0.0,0.0,,,,0.0,0.0,0.0,0.0,0.0,0.0,0.0,0.0,0.0,0.0,0,0,0,insufficient_source,not_accepted;lmh_order_violation,borrow_or_fallback_required,1,144.481662
cwhvh1_dr_ba_l,cwhvh1_dr_ba,L,False,insufficient_source_stands,1,50,300,0.0,0,0.0,0.0,,,,0.0,0.0,0.0,0.0,0.0,0.0,0.0,0.0,0.0,0.0,0,0,0,insufficient_source,not_accepted,borrow_or_fallback_required,0,0.0
cwhvh1_dr_cw_h,cwhvh1_dr_cw,H,False,insufficient_source_stands,1,11,300,0.0,0,0.0,0.0,,,,0.0,0.0,0.0,0.0,0.0,0.0,0.0,0.0,0.0,0.0,0,0,0,insufficient_source,not_accepted,borrow_or_fallback_required,0,0.0
cwhvh1_dr_cw_l,cwhvh1_dr_cw,L,False,insufficient_source_stands,1,9,300,0.0,0,0.0,0.0,,,,0.0,0.0,0.0,0.0,0.0,0.0,0.0,0.0,0.0,0.0,0,0,0,insufficient_source,not_accepted,borrow_or_fallback_required,0,0.0
cwhvh1_dr_ss_h,cwhvh1_dr_ss,H,False,insufficient_source_stands,1,61,300,0.0,0,0.0,0.0,,,,0.0,0.0,0.0,0.0,0.0,0.0,0.0,0.0,0.0,0.0,0,0,0,insufficient_source,not_accepted,borrow_or_fallback_required,0,0.0
cwhvh1_dr_ss_l,cwhvh1_dr_ss,L,False,insufficient_source_stands,1,24,300,0.0,0,0.0,0.0,,,,0.0,0.0,0.0,0.0,0.0,0.0,0.0,0.0,0.0,0.0,0,0,0,insufficient_source,not_accepted,borrow_or_fallback_required,0,0.0
cwhvh1_fd_hw_h,cwhvh1_fd_hw,H,False,insufficient_source_stands,1,47,300,0.0,0,0.0,0.0,,,,0.0,0.0,0.0,0.0,0.0,0.0,0.0,0.0,0.0,0.0,0,0,0,insufficient_source,not_accepted,borrow_or_fallback_required,0,0.0
cwhvh1_fd_hw_l,cwhvh1_fd_hw,L,False,insufficient_source_stands,1,27,300,0.0,0,0.0,0.0,,,,0.0,0.0,0.0,0.0,0.0,0.0,0.0,0.0,0.0,0.0,0,0,0,insufficient_source,not_accepted,borrow_or_fallback_required,0,0.0
cwhvh1_hw_pl_l,cwhvh1_hw_pl,L,False,insufficient_source_stands,1,362,376,0.0,0,0.0,0.0,,,,0.0,0.0,0.0,0.0,0.0,0.0,0.0,0.0,0.0,0.0,0,0,0,insufficient_source,not_accepted,borrow_or_fallback_required,0,0.0
cwhvh1_ss_dr_h,cwhvh1_ss_dr,H,False,insufficient_source_stands,1,27,300,0.0,0,0.0,0.0,,,,0.0,0.0,0.0,0.0,0.0,0.0,0.0,0.0,0.0,0.0,0,0,0,insufficient_source,not_accepted,borrow_or_fallback_required,0,0.0
cwhvh1_ss_dr_l,cwhvh1_ss_dr,L,False,insufficient_source_stands,1,24,300,0.0,0,0.0,0.0,,,,0.0,0.0,0.0,0.0,0.0,0.0,0.0,0.0,0.0,0.0,0,0,0,insufficient_source,not_accepted,borrow_or_fallback_required,0,0.0
cwhvh1_yc_h,cwhvh1_yc,H,False,insufficient_source_stands,1,162,300,0.0,0,0.0,0.0,,,,0.0,0.0,0.0,0.0,0.0,0.0,0.0,0.0,0.0,0.0,0,0,0,insufficient_source,not_accepted,borrow_or_fallback_required,0,0.0
cwhvh1_yc_l,cwhvh1_yc,L,False,insufficient_source_stands,1,362,376,0.0,0,0.0,0.0,,,,0.0,0.0,0.0,0.0,0.0,0.0,0.0,0.0,0.0,0.0,0,0,0,insufficient_source,not_accepted,borrow_or_fallback_required,0,0.0
cwhvh1_yc_hw_l,cwhvh1_yc_hw,L,False,insufficient_source_stands,3,362,376,0.0,0,0.0,0.0,,,,0.0,0.0,0.0,0.0,0.0,0.0,0.0,0.0,0.0,0.0,0,0,0,insufficient_source,not_accepted;lmh_order_violation,borrow_or_fallback_required,1,225.617669
cwhvh1_yc_pl_h,cwhvh1_yc_pl,H,False,insufficient_source_stands,1,147,300,0.0,0,0.0,0.0,,,,0.0,0.0,0.0,0.0,0.0,0.0,0.0,0.0,0.0,0.0,0,0,0,insufficient_source,not_accepted,borrow_or_fallback_required,0,0.0
cwhvh1_yc_pl_l,cwhvh1_yc_pl,L,False,insufficient_source_stands,1,362,376,0.0,0,0.0,0.0,,,,0.0,0.0,0.0,0.0,0.0,0.0,0.0,0.0,0.0,0.0,0,0,0,insufficient_source,not_accepted,borrow_or_fallback_required,0,0.0
cwhvm1_ac_dr_l,cwhvm1_ac_dr,L,False,insufficient_source_stands,1,80,300,0.0,0,0.0,0.0,,,,0.0,0.0,0.0,0.0,0.0,0.0,0.0,0.0,0.0,0.0,0,0,0,insufficient_source,not_accepted,borrow_or_fallback_required,0,0.0
cwhvm1_ac_hw_l,cwhvm1_ac_hw,L,False,insufficient_source_stands,1,70,300,0.0,0,0.0,0.0,,,,0.0,0.0,0.0,0.0,0.0,0.0,0.0,0.0,0.0,0.0,0,0,0,insufficient_source,not_accepted,borrow_or_fallback_required,0,0.0
cwhvm1_ac_ss_l,cwhvm1_ac_ss,L,False,insufficient_source_stands,1,30,300,0.0,0,0.0,0.0,,,,0.0,0.0,0.0,0.0,0.0,0.0,0.0,0.0,0.0,0.0,0,0,0,insufficient_source,not_accepted,borrow_or_fallback_required,0,0.0
cwhvm1_ba_h,cwhvm1_ba,H,False,insufficient_source_stands,1,262,300,0.0,0,0.0,0.0,,,,0.0,0.0,0.0,0.0,0.0,0.0,0.0,0.0,0.0,0.0,0,0,0,insufficient_source,not_accepted,borrow_or_fallback_required,0,0.0
cwhvm1_ba_cw_m,cwhvm1_ba_cw,M,False,insufficient_source_stands,1,20,300,0.0,0,0.0,0.0,,,,0.0,0.0,0.0,0.0,0.0,0.0,0.0,0.0,0.0,0.0,0,0,0,insufficient_source,not_accepted;lmh_order_violation,borrow_or_fallback_required,1,154.749052
cwhvm1_ba_yc_l,cwhvm1_ba_yc,L,False,insufficient_source_stands,1,17,300,0.0,0,0.0,0.0,,,,0.0,0.0,0.0,0.0,0.0,0.0,0.0,0.0,0.0,0.0,0,0,0,insufficient_source,not_accepted,borrow_or_fallback_required,0,0.0
cwhvm1_cw_fd_h,cwhvm1_cw_fd,H,False,insufficient_source_stands,1,16,300,0.0,0,0.0,0.0,,,,0.0,0.0,0.0,0.0,0.0,0.0,0.0,0.0,0.0,0.0,0,0,0,insufficient_source,not_accepted,borrow_or_fallback_required,0,0.0
cwhvm1_cw_fd_l,cwhvm1_cw_fd,L,False,insufficient_source_stands,1,30,300,0.0,0,0.0,0.0,,,,0.0,0.0,0.0,0.0,0.0,0.0,0.0,0.0,0.0,0.0,0,0,0,insufficient_source,not_accepted,borrow_or_fallback_required,0,0.0
cwhvm1_cw_hm_m,cwhvm1_cw_hm,M,False,insufficient_source_stands,1,250,300,0.0,0,0.0,0.0,,,,0.0,0.0,0.0,0.0,0.0,0.0,0.0,0.0,0.0,0.0,0,0,0,insufficient_source,not_accepted,borrow_or_fallback_required,0,0.0
cwhvm1_cw_pw_l,cwhvm1_cw_pw,L,False,insufficient_source_stands,1,28,300,0.0,0,0.0,0.0,,,,0.0,0.0,0.0,0.0,0.0,0.0,0.0,0.0,0.0,0.0,0,0,0,insufficient_source,not_accepted,borrow_or_fallback_required,0,0.0
cwhvm1_dr_ac_l,cwhvm1_dr_ac,L,False,insufficient_source_stands,1,200,300,0.0,0,0.0,0.0,,,,0.0,0.0,0.0,0.0,0.0,0.0,0.0,0.0,0.0,0.0,0,0,0,insufficient_source,not_accepted,borrow_or_fallback_required,0,0.0
cwhvm1_dr_ba_l,cwhvm1_dr_ba,L,False,insufficient_source_stands,1,50,300,0.0,0,0.0,0.0,,,,0.0,0.0,0.0,0.0,0.0,0.0,0.0,0.0,0.0,0.0,0,0,0,insufficient_source,not_accepted,borrow_or_fallback_required,0,0.0
cwhvm1_dr_fd_l,cwhvm1_dr_fd,L,False,insufficient_source_stands,1,24,300,0.0,0,0.0,0.0,,,,0.0,0.0,0.0,0.0,0.0,0.0,0.0,0.0,0.0,0.0,0,0,0,insufficient_source,not_accepted,borrow_or_fallback_required,0,0.0
cwhvm1_fd_ba_l,cwhvm1_fd_ba,L,False,insufficient_source_stands,1,47,300,0.0,0,0.0,0.0,,,,0.0,0.0,0.0,0.0,0.0,0.0,0.0,0.0,0.0,0.0,0,0,0,insufficient_source,not_accepted,borrow_or_fallback_required,0,0.0
cwhvm1_fd_cw_h,cwhvm1_fd_cw,H,False,insufficient_source_stands,1,17,300,0.0,0,0.0,0.0,,,,0.0,0.0,0.0,0.0,0.0,0.0,0.0,0.0,0.0,0.0,0,0,0,insufficient_source,not_accepted,borrow_or_fallback_required,0,0.0
cwhvm1_fd_cw_l,cwhvm1_fd_cw,L,False,insufficient_source_stands,1,112,300,0.0,0,0.0,0.0,,,,0.0,0.0,0.0,0.0,0.0,0.0,0.0,0.0,0.0,0.0,0,0,0,insufficient_source,not_accepted,borrow_or_fallback_required,0,0.0
cwhvm1_fdc_cw_h,cwhvm1_fdc_cw,H,False,insufficient_source_stands,1,17,300,0.0,0,0.0,0.0,,,,0.0,0.0,0.0,0.0,0.0,0.0,0.0,0.0,0.0,0.0,0,0,0,insufficient_source,not_accepted,borrow_or_fallback_required,0,0.0
cwhvm1_fdc_dr_l,cwhvm1_fdc_dr,L,False,insufficient_source_stands,1,28,300,0.0,0,0.0,0.0,,,,0.0,0.0,0.0,0.0,0.0,0.0,0.0,0.0,0.0,0.0,0,0,0,insufficient_source,not_accepted,borrow_or_fallback_required,0,0.0
cwhvm1_fdc_pw_l,cwhvm1_fdc_pw,L,False,insufficient_source_stands,1,92,300,0.0,0,0.0,0.0,,,,0.0,0.0,0.0,0.0,0.0,0.0,0.0,0.0,0.0,0.0,0,0,0,insufficient_source,not_accepted,borrow_or_fallback_required,0,0.0
cwhvm1_fdc_ss_h,cwhvm1_fdc_ss,H,False,insufficient_source_stands,1,17,300,0.0,0,0.0,0.0,,,,0.0,0.0,0.0,0.0,0.0,0.0,0.0,0.0,0.0,0.0,0,0,0,insufficient_source,not_accepted,borrow_or_fallback_required,0,0.0
cwhvm1_fdc_ss_l,cwhvm1_fdc_ss,L,False,insufficient_source_stands,1,50,300,0.0,0,0.0,0.0,,,,0.0,0.0,0.0,0.0,0.0,0.0,0.0,0.0,0.0,0.0,0,0,0,insufficient_source,not_accepted,borrow_or_fallback_required,0,0.0
cwhvm1_hm_ba_h,cwhvm1_hm_ba,H,False,insufficient_source_stands,1,17,300,0.0,0,0.0,0.0,,,,0.0,0.0,0.0,0.0,0.0,0.0,0.0,0.0,0.0,0.0,0,0,0,insufficient_source,not_accepted,borrow_or_fallback_required,0,0.0
cwhvm1_hm_ba_l,cwhvm1_hm_ba,L,False,insufficient_source_stands,1,172,300,0.0,0,0.0,0.0,,,,0.0,0.0,0.0,0.0,0.0,0.0,0.0,0.0,0.0,0.0,0,0,0,insufficient_source,not_accepted,borrow_or_fallback_required,0,0.0
cwhvm1_hm_ba_m,cwhvm1_hm_ba,M,False,insufficient_source_stands,1,242,300,0.0,0,0.0,0.0,,,,0.0,0.0,0.0,0.0,0.0,0.0,0.0,0.0,0.0,0.0,0,0,0,insufficient_source,not_accepted,borrow_or_fallback_required,0,0.0
cwhvm1_hm_cw_l,cwhvm1_hm_cw,L,False,insufficient_source_stands,1,250,300,0.0,0,0.0,0.0,,,,0.0,0.0,0.0,0.0,0.0,0.0,0.0,0.0,0.0,0.0,0,0,0,insufficient_source,not_accepted,borrow_or_fallback_required,0,0.0
cwhvm1_hw_fdi_l,cwhvm1_hw_fdi,L,False,insufficient_source_stands,1,17,300,0.0,0,0.0,0.0,,,,0.0,0.0,0.0,0.0,0.0,0.0,0.0,0.0,0.0,0.0,0,0,0,insufficient_source,not_accepted,borrow_or_fallback_required,0,0.0
cwhvm1_hw_hw_h,cwhvm1_hw_hw,H,False,insufficient_source_stands,1,35,300,0.0,0,0.0,0.0,,,,0.0,0.0,0.0,0.0,0.0,0.0,0.0,0.0,0.0,0.0,0,0,0,insufficient_source,not_accepted,borrow_or_fallback_required,0,0.0
cwhvm1_hw_hw_l,cwhvm1_hw_hw,L,False,insufficient_source_stands,1,190,300,0.0,0,0.0,0.0,,,,0.0,0.0,0.0,0.0,0.0,0.0,0.0,0.0,0.0,0.0,0,0,0,insufficient_source,not_accepted,borrow_or_fallback_required,0,0.0
cwhvm1_hw_pl_l,cwhvm1_hw_pl,L,False,insufficient_source_stands,1,27,300,0.0,0,0.0,0.0,,,,0.0,0.0,0.0,0.0,0.0,0.0,0.0,0.0,0.0,0.0,0,0,0,insufficient_source,not_accepted,borrow_or_fallback_required,0,0.0
cwhvm1_hw_plc_l,cwhvm1_hw_plc,L,False,insufficient_source_stands,1,27,300,0.0,0,0.0,0.0,,,,0.0,0.0,0.0,0.0,0.0,0.0,0.0,0.0,0.0,0.0,0,0,0,insufficient_source,not_accepted,borrow_or_fallback_required,0,0.0
cwhvm1_hw_yc_h,cwhvm1_hw_yc,H,False,insufficient_source_stands,1,17,300,0.0,0,0.0,0.0,,,,0.0,0.0,0.0,0.0,0.0,0.0,0.0,0.0,0.0,0.0,0,0,0,insufficient_source,not_accepted,borrow_or_fallback_required,0,0.0
cwhvm1_mb_l,cwhvm1_mb,L,False,insufficient_source_stands,1,80,300,0.0,0,0.0,0.0,,,,0.0,0.0,0.0,0.0,0.0,0.0,0.0,0.0,0.0,0.0,0,0,0,insufficient_source,not_accepted,borrow_or_fallback_required,0,0.0
cwhvm1_pl_l,cwhvm1_pl,L,False,insufficient_source_stands,1,300,326,0.0,0,0.0,0.0,,,,0.0,0.0,0.0,0.0,0.0,0.0,0.0,0.0,0.0,0.0,0,0,0,insufficient_source,not_accepted,borrow_or_fallback_required,0,0.0
cwhvm1_pl_hw_h,cwhvm1_pl_hw,H,False,insufficient_source_stands,1,25,300,0.0,0,0.0,0.0,,,,0.0,0.0,0.0,0.0,0.0,0.0,0.0,0.0,0.0,0.0,0,0,0,insufficient_source,not_accepted,borrow_or_fallback_required,0,0.0
cwhvm1_pl_hw_l,cwhvm1_pl_hw,L,False,insufficient_source_stands,1,22,300,0.0,0,0.0,0.0,,,,0.0,0.0,0.0,0.0,0.0,0.0,0.0,0.0,0.0,0.0,0,0,0,insufficient_source,not_accepted,borrow_or_fallback_required,0,0.0
cwhvm1_pl_sx_l,cwhvm1_pl_sx,L,False,insufficient_source_stands,1,23,300,0.0,0,0.0,0.0,,,,0.0,0.0,0.0,0.0,0.0,0.0,0.0,0.0,0.0,0.0,0,0,0,insufficient_source,not_accepted,borrow_or_fallback_required,0,0.0
cwhvm1_pl_yc_l,cwhvm1_pl_yc,L,False,insufficient_source_stands,1,190,300,0.0,0,0.0,0.0,,,,0.0,0.0,0.0,0.0,0.0,0.0,0.0,0.0,0.0,0.0,0,0,0,insufficient_source,not_accepted,borrow_or_fallback_required,0,0.0
cwhvm1_pli_at_l,cwhvm1_pli_at,L,False,insufficient_source_stands,1,262,300,0.0,0,0.0,0.0,,,,0.0,0.0,0.0,0.0,0.0,0.0,0.0,0.0,0.0,0.0,0,0,0,insufficient_source,not_accepted,borrow_or_fallback_required,0,0.0
cwhvm1_ss_ba_h,cwhvm1_ss_ba,H,False,insufficient_source_stands,1,42,300,0.0,0,0.0,0.0,,,,0.0,0.0,0.0,0.0,0.0,0.0,0.0,0.0,0.0,0.0,0,0,0,insufficient_source,not_accepted,borrow_or_fallback_required,0,0.0
cwhvm1_ss_fdc_l,cwhvm1_ss_fdc,L,False,insufficient_source_stands,1,17,300,0.0,0,0.0,0.0,,,,0.0,0.0,0.0,0.0,0.0,0.0,0.0,0.0,0.0,0.0,0,0,0,insufficient_source,not_accepted,borrow_or_fallback_required,0,0.0
cwhvm1_sx_bl_l,cwhvm1_sx_bl,L,False,insufficient_source_stands,1,262,300,0.0,0,0.0,0.0,,,,0.0,0.0,0.0,0.0,0.0,0.0,0.0,0.0,0.0,0.0,0,0,0,insufficient_source,not_accepted,borrow_or_fallback_required,0,0.0
cwhvm1_yc_m,cwhvm1_yc,M,False,insufficient_source_stands,1,190,300,0.0,0,0.0,0.0,,,,0.0,0.0,0.0,0.0,0.0,0.0,0.0,0.0,0.0,0.0,0,0,0,insufficient_source,not_accepted;lmh_order_violation,borrow_or_fallback_required,1,329.741933
cwhvm1_yc_ba_h,cwhvm1_yc_ba,H,False,insufficient_source_stands,1,28,300,0.0,0,0.0,0.0,,,,0.0,0.0,0.0,0.0,0.0,0.0,0.0,0.0,0.0,0.0,0,0,0,insufficient_source,not_accepted,borrow_or_fallback_required,0,0.0
cwhvm1_yc_ba_l,cwhvm1_yc_ba,L,False,insufficient_source_stands,1,42,300,0.0,0,0.0,0.0,,,,0.0,0.0,0.0,0.0,0.0,0.0,0.0,0.0,0.0,0.0,0,0,0,insufficient_source,not_accepted,borrow_or_fallback_required,0,0.0
cwhvm1_yc_fdc_l,cwhvm1_yc_fdc,L,False,insufficient_source_stands,1,17,300,0.0,0,0.0,0.0,,,,0.0,0.0,0.0,0.0,0.0,0.0,0.0,0.0,0.0,0.0,0,0,0,insufficient_source,not_accepted,borrow_or_fallback_required,0,0.0
cwhvm2_ba_cw_m,cwhvm2_ba_cw,M,False,insufficient_source_stands,1,190,300,0.0,0,0.0,0.0,,,,0.0,0.0,0.0,0.0,0.0,0.0,0.0,0.0,0.0,0.0,0,0,0,insufficient_source,not_accepted,borrow_or_fallback_required,0,0.0
cwhvm2_ba_dr_l,cwhvm2_ba_dr,L,False,insufficient_source_stands,1,20,300,0.0,0,0.0,0.0,,,,0.0,0.0,0.0,0.0,0.0,0.0,0.0,0.0,0.0,0.0,0,0,0,insufficient_source,not_accepted,borrow_or_fallback_required,0,0.0
cwhvm2_cw_dr_h,cwhvm2_cw_dr,H,False,insufficient_source_stands,1,40,300,0.0,0,0.0,0.0,,,,0.0,0.0,0.0,0.0,0.0,0.0,0.0,0.0,0.0,0.0,0,0,0,insufficient_source,not_accepted;lmh_order_violation,borrow_or_fallback_required,1,17.872057
cwhvm2_cw_fdc_h,cwhvm2_cw_fdc,H,False,insufficient_source_stands,1,25,300,0.0,0,0.0,0.0,,,,0.0,0.0,0.0,0.0,0.0,0.0,0.0,0.0,0.0,0.0,0,0,0,insufficient_source,not_accepted,borrow_or_fallback_required,0,0.0
cwhvm2_cw_fdc_l,cwhvm2_cw_fdc,L,False,insufficient_source_stands,1,31,300,0.0,0,0.0,0.0,,,,0.0,0.0,0.0,0.0,0.0,0.0,0.0,0.0,0.0,0.0,0,0,0,insufficient_source,not_accepted,borrow_or_fallback_required,0,0.0
cwhvm2_cw_hm_h,cwhvm2_cw_hm,H,False,insufficient_source_stands,1,362,376,0.0,0,0.0,0.0,,,,0.0,0.0,0.0,0.0,0.0,0.0,0.0,0.0,0.0,0.0,0,0,0,insufficient_source,not_accepted,borrow_or_fallback_required,0,0.0
cwhvm2_cw_hm_l,cwhvm2_cw_hm,L,False,insufficient_source_stands,1,200,300,0.0,0,0.0,0.0,,,,0.0,0.0,0.0,0.0,0.0,0.0,0.0,0.0,0.0,0.0,0,0,0,insufficient_source,not_accepted,borrow_or_fallback_required,0,0.0
cwhvm2_fd_hw_l,cwhvm2_fd_hw,L,False,insufficient_source_stands,1,262,300,0.0,0,0.0,0.0,,,,0.0,0.0,0.0,0.0,0.0,0.0,0.0,0.0,0.0,0.0,0,0,0,insufficient_source,not_accepted,borrow_or_fallback_required,0,0.0
cwhvm2_fdc_l,cwhvm2_fdc,L,False,insufficient_source_stands,1,26,300,0.0,0,0.0,0.0,,,,0.0,0.0,0.0,0.0,0.0,0.0,0.0,0.0,0.0,0.0,0,0,0,insufficient_source,not_accepted,borrow_or_fallback_required,0,0.0
cwhvm2_fdc_ba_l,cwhvm2_fdc_ba,L,False,insufficient_source_stands,1,15,300,0.0,0,0.0,0.0,,,,0.0,0.0,0.0,0.0,0.0,0.0,0.0,0.0,0.0,0.0,0,0,0,insufficient_source,not_accepted,borrow_or_fallback_required,0,0.0
cwhvm2_fdc_cw_l,cwhvm2_fdc_cw,L,False,insufficient_source_stands,1,28,300,0.0,0,0.0,0.0,,,,0.0,0.0,0.0,0.0,0.0,0.0,0.0,0.0,0.0,0.0,0,0,0,insufficient_source,not_accepted,borrow_or_fallback_required,0,0.0
cwhvm2_fdc_dr_l,cwhvm2_fdc_dr,L,False,insufficient_source_stands,1,25,300,0.0,0,0.0,0.0,,,,0.0,0.0,0.0,0.0,0.0,0.0,0.0,0.0,0.0,0.0,0,0,0,insufficient_source,not_accepted,borrow_or_fallback_required,0,0.0
cwhvm2_fdc_hw_l,cwhvm2_fdc_hw,L,False,insufficient_source_stands,1,20,300,0.0,0,0.0,0.0,,,,0.0,0.0,0.0,0.0,0.0,0.0,0.0,0.0,0.0,0.0,0,0,0,insufficient_source,not_accepted,borrow_or_fallback_required,0,0.0
cwhvm2_fdc_yc_l,cwhvm2_fdc_yc,L,False,insufficient_source_stands,1,31,300,0.0,0,0.0,0.0,,,,0.0,0.0,0.0,0.0,0.0,0.0,0.0,0.0,0.0,0.0,0,0,0,insufficient_source,not_accepted,borrow_or_fallback_required,0,0.0
cwhvm2_hm_cw_h,cwhvm2_hm_cw,H,False,insufficient_source_stands,1,52,300,0.0,0,0.0,0.0,,,,0.0,0.0,0.0,0.0,0.0,0.0,0.0,0.0,0.0,0.0,0,0,0,insufficient_source,not_accepted;lmh_order_violation,borrow_or_fallback_required,1,1048.480589
cwhvm2_hw_fdc_h,cwhvm2_hw_fdc,H,False,insufficient_source_stands,1,25,300,0.0,0,0.0,0.0,,,,0.0,0.0,0.0,0.0,0.0,0.0,0.0,0.0,0.0,0.0,0,0,0,insufficient_source,not_accepted,borrow_or_fallback_required,0,0.0
cwhvm2_hw_hw_l,cwhvm2_hw_hw,L,False,insufficient_source_stands,1,30,300,0.0,0,0.0,0.0,,,,0.0,0.0,0.0,0.0,0.0,0.0,0.0,0.0,0.0,0.0,0,0,0,insufficient_source,not_accepted,borrow_or_fallback_required,0,0.0
cwhvm2_hw_ss_l,cwhvm2_hw_ss,L,False,insufficient_source_stands,1,17,300,0.0,0,0.0,0.0,,,,0.0,0.0,0.0,0.0,0.0,0.0,0.0,0.0,0.0,0.0,0,0,0,insufficient_source,not_accepted,borrow_or_fallback_required,0,0.0
cwhvm2_hw_ss_m,cwhvm2_hw_ss,M,False,insufficient_source_stands,1,250,300,0.0,0,0.0,0.0,,,,0.0,0.0,0.0,0.0,0.0,0.0,0.0,0.0,0.0,0.0,0,0,0,insufficient_source,not_accepted,borrow_or_fallback_required,0,0.0
cwhvm2_hw_tw_l,cwhvm2_hw_tw,L,False,insufficient_source_stands,1,45,300,0.0,0,0.0,0.0,,,,0.0,0.0,0.0,0.0,0.0,0.0,0.0,0.0,0.0,0.0,0,0,0,insufficient_source,not_accepted,borrow_or_fallback_required,0,0.0
cwhvm2_pli_l,cwhvm2_pli,L,False,insufficient_source_stands,1,30,300,0.0,0,0.0,0.0,,,,0.0,0.0,0.0,0.0,0.0,0.0,0.0,0.0,0.0,0.0,0,0,0,insufficient_source,not_accepted,borrow_or_fallback_required,0,0.0
cwhvm2_ss_l,cwhvm2_ss,L,False,insufficient_source_stands,1,23,300,0.0,0,0.0,0.0,,,,0.0,0.0,0.0,0.0,0.0,0.0,0.0,0.0,0.0,0.0,0,0,0,insufficient_source,not_accepted,borrow_or_fallback_required,0,0.0
cwhvm2_ss_hw_h,cwhvm2_ss_hw,H,False,insufficient_source_stands,1,30,300,0.0,0,0.0,0.0,,,,0.0,0.0,0.0,0.0,0.0,0.0,0.0,0.0,0.0,0.0,0,0,0,insufficient_source,not_accepted,borrow_or_fallback_required,0,0.0
cwhvm2_sx_l,cwhvm2_sx,L,False,insufficient_source_stands,1,100,300,0.0,0,0.0,0.0,,,,0.0,0.0,0.0,0.0,0.0,0.0,0.0,0.0,0.0,0.0,0,0,0,insufficient_source,not_accepted,borrow_or_fallback_required,0,0.0
cwhvm2_sx_fdi_l,cwhvm2_sx_fdi,L,False,insufficient_source_stands,1,262,300,0.0,0,0.0,0.0,,,,0.0,0.0,0.0,0.0,0.0,0.0,0.0,0.0,0.0,0.0,0,0,0,insufficient_source,not_accepted,borrow_or_fallback_required,0,0.0
cwhvm2_yc_dr_l,cwhvm2_yc_dr,L,False,insufficient_source_stands,1,27,300,0.0,0,0.0,0.0,,,,0.0,0.0,0.0,0.0,0.0,0.0,0.0,0.0,0.0,0.0,0,0,0,insufficient_source,not_accepted,borrow_or_fallback_required,0,0.0
cwhvm2_yc_fdc_l,cwhvm2_yc_fdc,L,False,insufficient_source_stands,1,17,300,0.0,0,0.0,0.0,,,,0.0,0.0,0.0,0.0,0.0,0.0,0.0,0.0,0.0,0.0,0,0,0,insufficient_source,not_accepted,borrow_or_fallback_required,0,0.0
cwhvm2_yc_pl_h,cwhvm2_yc_pl,H,False,insufficient_source_stands,1,190,300,0.0,0,0.0,0.0,,,,0.0,0.0,0.0,0.0,0.0,0.0,0.0,0.0,0.0,0.0,0,0,0,insufficient_source,not_accepted,borrow_or_fallback_required,0,0.0
mhmm1_cw_yc_l,mhmm1_cw_yc,L,False,insufficient_source_stands,1,300,326,0.0,0,0.0,0.0,,,,0.0,0.0,0.0,0.0,0.0,0.0,0.0,0.0,0.0,0.0,0,0,0,insufficient_source,not_accepted,borrow_or_fallback_required,0,0.0
mhmm1_hm_l,mhmm1_hm,L,False,insufficient_source_stands,1,262,300,0.0,0,0.0,0.0,,,,0.0,0.0,0.0,0.0,0.0,0.0,0.0,0.0,0.0,0.0,0,0,0,insufficient_source,not_accepted,borrow_or_fallback_required,0,0.0
mhmm1_hm_cw_l,mhmm1_hm_cw,L,False,insufficient_source_stands,1,24,300,0.0,0,0.0,0.0,,,,0.0,0.0,0.0,0.0,0.0,0.0,0.0,0.0,0.0,0.0,0,0,0,insufficient_source,not_accepted,borrow_or_fallback_required,0,0.0
mhmm1_hw_h,mhmm1_hw,H,False,insufficient_source_stands,1,190,300,0.0,0,0.0,0.0,,,,0.0,0.0,0.0,0.0,0.0,0.0,0.0,0.0,0.0,0.0,0,0,0,insufficient_source,not_accepted,borrow_or_fallback_required,0,0.0
mhmm1_hw_l,mhmm1_hw,L,False,insufficient_source_stands,1,24,300,0.0,0,0.0,0.0,,,,0.0,0.0,0.0,0.0,0.0,0.0,0.0,0.0,0.0,0.0,0,0,0,insufficient_source,not_accepted,borrow_or_fallback_required,0,0.0
mhmm1_yc_cw_h,mhmm1_yc_cw,H,False,insufficient_source_stands,1,300,326,0.0,0,0.0,0.0,,,,0.0,0.0,0.0,0.0,0.0,0.0,0.0,0.0,0.0,0.0,0,0,0,insufficient_source,not_accepted,borrow_or_fallback_required,0,0.0
mhmm1_yc_cw_l,mhmm1_yc_cw,L,False,insufficient_source_stands,1,190,300,0.0,0,0.0,0.0,,,,0.0,0.0,0.0,0.0,0.0,0.0,0.0,0.0,0.0,0.0,0,0,0,insufficient_source,not_accepted,borrow_or_fallback_required,0,0.0
cwhvh1_cw_ss_h,cwhvh1_cw_ss,H,True,smoothed_bin_pchip,5,1,299,912.177807,220,912.177807,851.851114,7.0,14.0,23.0,464.91951,620.996288,883.202512,891.093361,0.0,0.0,-15.186202,-40.083105,-0.889697,9.229677,78,0,1,ok,,accept_shape,0,0.0
cwhvh1_hw_ba_h,cwhvh1_hw_ba,H,True,smoothed_bin_pchip,57,1,299,1069.18605,165,1069.18605,824.218827,4.0,9.0,16.0,719.785938,951.445739,980.508546,884.535356,0.0,0.0,-15.389598,-62.377533,-3.545789,12.519718,133,0,1,ok,,accept_shape,0,0.0
cwhvh1_hw_ba_l,cwhvh1_hw_ba,L,True,smoothed_bin_pchip,78,1,299,700.372312,175,700.372312,609.776351,9.0,18.0,32.0,364.732726,599.833472,685.516441,634.836521,0.0,0.0,-6.408715,-26.153963,-1.904701,8.278756,102,0,1,ok,,accept_shape,0,0.0
cwhvh1_hw_ba_m,cwhvh1_hw_ba,M,True,smoothed_bin_pchip,31,1,299,821.702515,185,821.702515,691.291703,8.0,16.0,26.0,506.927882,730.715129,819.764073,758.724057,0.0,0.0,-12.646186,-69.838431,-2.449214,10.614017,100,0,1,ok,,accept_shape,0,0.0
cwhvh1_hw_fd_l,cwhvh1_hw_fd,L,True,smoothed_bin_pchip,2,1,299,1096.947811,170,1096.947811,1007.626741,3.0,7.0,13.0,825.590836,1013.959755,1084.237638,1044.474546,0.0,0.0,-14.230056,-37.646457,-0.822346,15.021648,122,0,1,ok,,accept_shape,0,0.0
cwhvh1_hw_ss_h,cwhvh1_hw_ss,H,True,smoothed_bin_pchip,40,1,299,1246.927492,175,1246.927492,1045.878802,4.0,8.0,16.0,789.706954,1097.261403,1218.347611,1119.23009,0.0,0.0,-20.166377,-75.719086,-2.392049,13.318884,123,0,1,ok,,accept_shape,0,0.0
cwhvh1_hw_ss_l,cwhvh1_hw_ss,L,True,smoothed_bin_pchip,48,1,299,742.66889,155,742.66889,603.446411,8.0,17.0,30.0,397.967219,680.321394,674.382396,628.424627,0.0,0.0,-5.773555,-25.987937,-2.276389,8.699467,136,0,1,ok,,accept_shape,0,0.0
cwhvh1_hw_ss_m,cwhvh1_hw_ss,M,True,smoothed_bin_pchip,34,1,299,978.447727,165,978.447727,790.388861,3.0,8.0,17.0,598.807526,858.728577,935.316745,843.724703,0.0,0.0,-10.940769,-55.481387,-2.188678,13.383519,127,0,1,ok,,accept_shape,0,0.0
cwhvm1_cw_ba_h,cwhvm1_cw_ba,H,True,smoothed_bin_pchip,2,1,299,1337.555684,195,1337.555684,1303.3864,4.0,9.0,16.0,878.471893,1198.356179,1337.186633,1321.203231,0.0,0.0,-6.820614,-18.191668,-0.45307,15.31357,87,0,1,ok,,accept_shape,0,0.0
cwhvm1_cw_ba_l,cwhvm1_cw_ba,L,True,smoothed_bin_pchip,14,1,299,1070.869681,210,1070.869681,1011.812551,8.0,14.0,23.0,640.844449,913.874066,1069.776521,1048.657149,0.0,0.0,-11.474725,-37.861216,-1.028594,12.881849,79,0,1,ok,,accept_shape,0,0.0
cwhvm1_cw_fdc_h,cwhvm1_cw_fdc,H,True,smoothed_bin_pchip,6,1,299,1165.757946,185,1165.757946,1113.376329,4.0,9.0,18.0,730.471986,1022.806904,1163.860068,1138.5669,0.0,0.0,-9.605865,-25.740518,-0.573878,12.900493,100,0,1,ok,,accept_shape,0,0.0
cwhvm1_cw_fdc_l,cwhvm1_cw_fdc,L,True,smoothed_bin_pchip,9,1,299,990.08113,170,990.08113,896.3376,7.0,13.0,23.0,552.186343,826.857974,936.608925,900.241085,0.0,0.0,-1.835237,-3.955754,-2.53596,10.676398,58,0,1,ok,,accept_shape,0,0.0
cwhvm1_cw_hm_h,cwhvm1_cw_hm,H,True,smoothed_bin_pchip,2,1,299,550.812821,210,550.812821,504.65,4.0,11.0,25.0,319.772412,469.190329,550.423138,524.983195,0.45,0.000817,-0.403332,-21.528538,-1.222973,5.145268,54,0,1,ok,,accept_shape,0,0.0
cwhvm1_cw_ss_h,cwhvm1_cw_ss,H,True,smoothed_bin_pchip,6,1,299,1340.873206,185,1340.873206,1275.732363,4.0,8.0,16.0,822.587146,1175.371274,1335.444621,1305.260184,0.0,0.0,-11.551377,-30.126223,-0.676768,14.498466,109,0,1,ok,,accept_shape,0,0.0
cwhvm1_cw_ss_l,cwhvm1_cw_ss,L,True,smoothed_bin_pchip,14,1,299,751.247432,170,751.247432,596.8208,15.0,25.0,37.0,400.016689,637.629369,712.008009,641.820728,0.0,0.0,-10.263877,-47.234868,-3.7816,10.754515,116,0,3,ok,,accept_shape,0,0.0
cwhvm1_cw_ss_m,cwhvm1_cw_ss,M,True,smoothed_bin_pchip,17,1,299,1007.459527,175,1007.459527,902.341753,5.0,10.0,19.0,637.67811,902.802625,993.589902,941.071285,0.0,0.0,-11.496355,-39.918053,-1.203591,11.079446,118,0,1,ok,,accept_shape,0,0.0
cwhvm1_dr_h,cwhvm1_dr,H,True,smoothed_bin_pchip,72,1,299,630.693929,125,630.693929,530.730094,2.0,6.0,14.0,543.7467,630.007919,561.383827,544.297513,0.0,0.0,-8.13604,-13.769855,-1.22729,10.058317,122,0,1,ok,,accept_shape,0,0.0
cwhvm1_dr_l,cwhvm1_dr,L,True,smoothed_bin_pchip,105,1,299,231.688751,120,231.688751,186.46464,3.0,9.0,21.0,205.219611,231.688751,186.406438,182.641706,7.984747,0.034463,-1.3112,4.119185,-0.710007,3.845009,88,0,2,ok,,accept_shape,0,0.0
cwhvm1_dr_m,cwhvm1_dr,M,True,smoothed_bin_pchip,44,1,299,334.2,290,334.2,332.6896,3.0,7.0,15.0,299.492708,319.275438,316.753017,327.447049,0.0,0.0,-1.294935,5.477978,-0.728549,6.754478,39,0,3,ok,,accept_shape,0,0.0
cwhvm1_dr_hw_h,cwhvm1_dr_hw,H,True,smoothed_bin_pchip,99,1,299,688.708296,145,688.708296,559.115506,3.0,7.0,15.0,560.007092,667.022845,594.326987,568.654137,0.0,0.0,-12.182853,-9.54283,-3.487011,10.34621,103,0,3,ok,,accept_shape,0,0.0
cwhvm1_dr_hw_l,cwhvm1_dr_hw,L,True,smoothed_bin_pchip,125,1,299,349.18119,145,349.18119,292.4896,4.0,9.0,21.0,287.2207,341.300247,319.554769,300.185438,0.8896,0.002548,-1.963453,-7.908699,-0.736594,4.807735,95,0,2,ok,,accept_shape,0,0.0
cwhvm1_dr_hw_m,cwhvm1_dr_hw,M,True,smoothed_bin_pchip,95,1,299,537.438671,125,537.438671,415.26719,3.0,8.0,17.0,442.180209,536.957216,451.578571,429.418561,0.0,0.0,-10.61021,-14.191391,-1.524379,7.767904,129,0,1,ok,,accept_shape,0,0.0
cwhvm1_fd_hw_h,cwhvm1_fd_hw,H,True,smoothed_bin_pchip,21,1,299,1303.409737,170,1303.409737,1219.049009,3.0,7.0,14.0,873.615678,1186.162181,1284.173938,1247.746463,0.0,0.0,-10.930741,-29.330554,-0.949388,15.237701,123,0,1,ok,,accept_shape,0,0.0
cwhvm1_fd_hw_l,cwhvm1_fd_hw,L,True,smoothed_bin_pchip,28,1,299,844.079539,175,844.079539,767.1,4.0,10.0,23.0,439.11995,715.34916,827.757914,784.751309,0.0,0.0,-4.049809,-18.491631,-0.975037,11.654301,108,0,1,ok,,accept_shape,0,0.0
cwhvm1_fd_hw_m,cwhvm1_fd_hw,M,True,smoothed_bin_pchip,23,1,299,1016.234264,220,1016.234264,901.571927,3.0,8.0,16.0,603.490282,835.199521,1001.625937,985.638997,0.0,0.0,-16.197806,-86.402566,-2.741189,9.994567,71,0,1,ok,,accept_shape,0,0.0
cwhvm1_fdc_cw_l,cwhvm1_fdc_cw,L,True,smoothed_bin_pchip,12,1,299,1179.500694,195,1179.500694,1071.053506,4.0,9.0,16.0,734.493205,1006.315764,1178.820243,1141.555207,0.0,0.0,-15.998805,-72.187876,-2.094542,12.624756,92,0,1,ok,,accept_shape,0,0.0
cwhvm1_hw_h,cwhvm1_hw,H,True,smoothed_bin_pchip,220,1,299,1022.037747,170,1022.037747,919.382757,5.0,10.0,18.0,671.173885,919.310732,1005.018684,962.199447,0.0,0.0,-17.144611,-43.751935,-1.609515,11.875808,126,0,1,ok,,accept_shape,0,0.0
cwhvm1_hw_l,cwhvm1_hw,L,True,smoothed_bin_pchip,351,1,299,736.515343,175,736.515343,601.36401,14.0,22.0,32.0,454.753543,648.80731,726.862447,656.337271,0.0,0.0,-11.176239,-57.203648,-2.274875,11.470023,117,0,1,ok,,accept_shape,0,0.0
cwhvm1_hw_m,cwhvm1_hw,M,True,smoothed_bin_pchip,439,1,299,961.76346,165,961.76346,824.163612,6.0,12.0,21.0,620.384915,864.546186,934.889588,877.122802,0.0,0.0,-18.012662,-54.408203,-2.261226,11.754677,129,0,1,ok,,accept_shape,0,0.0
cwhvm1_hw_ba_h,cwhvm1_hw_ba,H,True,smoothed_bin_pchip,513,1,299,1140.601626,170,1140.601626,1018.402069,4.0,8.0,16.0,763.83848,1034.038953,1126.057541,1073.285341,0.0,0.0,-19.773777,-56.194233,-1.764138,12.919643,122,0,1,ok,,accept_shape,0,0.0
cwhvm1_hw_ba_l,cwhvm1_hw_ba,L,True,smoothed_bin_pchip,910,1,299,896.689914,155,896.689914,727.00864,7.0,14.0,23.0,605.191116,826.422541,839.211687,765.570294,0.0,0.0,-9.259572,-40.110234,-2.054696,11.753259,134,0,1,ok,,accept_shape,0,0.0
cwhvm1_hw_ba_m,cwhvm1_hw_ba,M,True,smoothed_bin_pchip,1196,1,299,1085.130137,170,1085.130137,952.22,4.0,9.0,17.0,710.725932,979.432178,1063.96255,1007.118494,0.0,0.0,-15.774249,-56.456723,-1.578301,12.013581,127,0,1,ok,,accept_shape,0,0.0
cwhvm1_hw_cw_h,cwhvm1_hw_cw,H,True,smoothed_bin_pchip,342,1,299,1191.464499,170,1191.464499,1068.184615,4.0,8.0,16.0,783.674322,1074.138831,1178.614317,1122.381968,0.0,0.0,-17.728214,-55.717658,-1.649231,13.193058,121,0,1,ok,,accept_shape,0,0.0
cwhvm1_hw_cw_l,cwhvm1_hw_cw,L,True,smoothed_bin_pchip,1059,1,299,833.554668,170,833.554668,676.073067,9.0,16.0,26.0,510.077044,733.664558,801.590793,726.199397,0.0,0.0,-11.023596,-51.958049,-1.855418,11.024537,126,0,1,ok,,accept_shape,0,0.0
cwhvm1_hw_cw_m,cwhvm1_hw_cw,M,True,smoothed_bin_pchip,1562,1,299,1049.389612,175,1049.389612,940.267463,5.0,11.0,19.0,663.539764,930.224673,1035.218392,984.970712,0.0,0.0,-14.485464,-45.951785,-1.262927,11.981386,120,0,1,ok,,accept_shape,0,0.0
cwhvm1_hw_dr_h,cwhvm1_hw_dr,H,True,smoothed_bin_pchip,132,1,299,892.242516,160,892.242516,765.489853,5.0,10.0,18.0,639.201336,825.765472,875.32313,824.885603,0.0,0.0,-20.558464,-60.809478,-1.430434,11.885714,132,0,1,ok,,accept_shape,0,0.0
cwhvm1_hw_dr_l,cwhvm1_hw_dr,L,True,smoothed_bin_pchip,147,1,299,740.151049,155,740.151049,576.280691,13.0,21.0,31.0,503.80406,687.622997,680.310088,616.846011,0.0,0.0,-17.030365,-41.458573,-2.012308,14.390458,139,0,1,ok,,accept_shape,0,0.0
cwhvm1_hw_dr_m,cwhvm1_hw_dr,M,True,smoothed_bin_pchip,146,1,299,841.232533,155,841.232533,703.972016,7.0,12.0,21.0,620.111734,799.800369,809.63213,755.552152,0.0,0.0,-20.000424,-52.717003,-1.137984,11.974917,138,0,1,ok,,accept_shape,0,0.0
cwhvm1_hw_fdc_h,cwhvm1_hw_fdc,H,True,smoothed_bin_pchip,51,1,299,1231.651499,175,1231.651499,1118.2584,4.0,8.0,16.0,803.115442,1105.968729,1219.559567,1170.670552,0.0,0.0,-16.470666,-53.78684,-1.393372,13.685401,121,0,1,ok,,accept_shape,0,0.0
cwhvm1_hw_fdc_l,cwhvm1_hw_fdc,L,True,smoothed_bin_pchip,108,1,299,1153.230919,170,1153.230919,1056.992807,4.0,8.0,16.0,736.454367,1029.830036,1137.333276,1094.762811,0.0,0.0,-13.548675,-38.651079,-0.88239,12.142112,123,0,1,ok,,accept_shape,0,0.0
cwhvm1_hw_yc_l,cwhvm1_hw_yc,L,True,smoothed_bin_pchip,24,1,299,700.71252,145,700.71252,612.117826,5.0,10.0,20.0,517.883495,675.506677,681.588504,633.652087,0.0,0.0,-2.512054,-23.091533,-1.738841,9.818827,95,0,1,ok,,accept_shape,0,0.0
cwhvm1_hw_yc_m,cwhvm1_hw_yc,M,True,smoothed_bin_pchip,36,1,299,1178.446091,165,1178.446091,1000.572455,5.0,10.0,19.0,768.14733,1056.609269,1129.263184,1044.044367,0.0,0.0,-12.701715,-44.787258,-2.263726,14.584654,129,0,1,ok,,accept_shape,0,0.0
cwhvm1_ss_ba_l,cwhvm1_ss_ba,L,True,smoothed_bin_pchip,4,1,299,1383.20556,185,1383.20556,1138.1675,4.0,7.0,14.0,912.058574,1236.163783,1379.516742,1304.590125,0.0,0.0,-37.09238,-170.275691,-4.995652,15.388717,107,0,1,ok,,accept_shape,0,0.0
cwhvm1_ss_cw_h,cwhvm1_ss_cw,H,True,smoothed_bin_pchip,9,1,299,1286.138301,150,1286.138301,1140.015701,5.0,9.0,16.0,984.969971,1237.969759,1244.232372,1187.474046,0.0,0.0,-17.955523,-48.518849,-1.191457,18.548979,143,0,1,ok,,accept_shape,0,0.0
cwhvm1_ss_cw_m,cwhvm1_ss_cw,M,True,smoothed_bin_pchip,4,1,299,981.028166,165,981.028166,893.187004,4.0,10.0,21.0,591.992598,877.032031,940.024941,909.6089,0.0,0.0,-6.244565,-16.770487,-1.702497,12.752591,124,0,1,ok,,accept_shape,0,0.0
cwhvm1_ss_hw_l,cwhvm1_ss_hw,L,True,smoothed_bin_pchip,49,1,299,1099.62384,175,1099.62384,968.529236,5.0,11.0,19.0,726.347349,989.997839,1087.646924,1026.130073,0.0,0.0,-14.965502,-59.262726,-1.688724,13.282026,118,0,1,ok,,accept_shape,0,0.0
cwhvm1_ss_hw_m,cwhvm1_ss_hw,M,True,smoothed_bin_pchip,49,1,299,1167.609253,155,1167.609253,966.770849,3.0,7.0,14.0,811.435742,1088.392071,1101.94269,1028.543376,0.0,0.0,-21.842881,-63.091325,-2.083835,13.628472,142,0,1,ok,,accept_shape,0,0.0
cwhvm2_ba_cw_h,cwhvm2_ba_cw,H,True,smoothed_bin_pchip,3,1,299,1227.611351,180,1227.611351,1203.141739,6.0,12.0,21.0,781.911647,1105.566249,1226.061128,1215.738452,0.0,0.0,-5.139,-12.838914,-0.299384,15.099445,38,0,1,ok,,accept_shape,0,0.0
cwhvm2_ba_cw_l,cwhvm2_ba_cw,L,True,smoothed_bin_pchip,3,1,299,715.726077,190,715.726077,685.0344,12.0,20.0,31.0,439.183556,638.730237,714.854089,699.935408,0.0,0.0,-5.705516,-15.226716,-0.332886,10.380819,87,0,1,ok,,accept_shape,0,0.0
cwhvm2_ba_hw_h,cwhvm2_ba_hw,H,True,smoothed_bin_pchip,36,1,299,1197.498764,170,1197.498764,1126.914103,5.0,10.0,18.0,814.163292,1093.199457,1187.081053,1157.182319,0.0,0.0,-10.217535,-30.974644,-0.726416,14.776258,122,0,1,ok,,accept_shape,0,0.0
cwhvm2_ba_hw_l,cwhvm2_ba_hw,L,True,smoothed_bin_pchip,57,1,299,866.105948,170,866.105948,763.174082,10.0,17.0,27.0,542.629638,772.820661,834.373694,794.082782,0.0,0.0,-11.53091,-31.695404,-1.384193,12.505219,128,0,1,ok,,accept_shape,0,0.0
cwhvm2_ba_hw_m,cwhvm2_ba_hw,M,True,smoothed_bin_pchip,59,1,299,1105.856113,180,1105.856113,1037.411503,5.0,11.0,19.0,730.321495,997.639638,1101.864226,1070.531552,0.0,0.0,-9.610902,-34.06076,-0.950859,13.204541,106,0,1,ok,,accept_shape,0,0.0
cwhvm2_ba_yc_h,cwhvm2_ba_yc,H,True,smoothed_bin_pchip,9,1,299,1176.087894,190,1176.087894,1095.856302,3.0,7.0,16.0,731.314406,1042.444373,1174.910799,1134.409502,0.0,0.0,-11.101217,-39.768344,-1.230521,16.431852,99,0,1,ok,,accept_shape,0,0.0
cwhvm2_ba_yc_l,cwhvm2_ba_yc,L,True,smoothed_bin_pchip,9,1,299,485.297873,175,485.297873,395.1,33.0,45.0,59.0,160.741022,364.049354,467.722491,434.870148,0.0,0.0,-5.101867,-41.03605,-1.458583,6.02662,109,0,1,ok,,accept_shape,0,0.0
cwhvm2_ba_yc_m,cwhvm2_ba_yc,M,True,smoothed_bin_pchip,6,1,299,916.91047,200,916.91047,900.158195,11.0,19.0,29.0,525.740372,789.873677,916.91047,909.609351,0.0,0.0,-3.850518,-9.640942,-0.205105,12.228777,0,0,0,ok,,accept_shape,0,0.0
cwhvm2_cw_ba_l,cwhvm2_cw_ba,L,True,smoothed_bin_pchip,2,1,299,1319.588171,185,1319.588171,1244.526102,4.0,8.0,15.0,865.508084,1174.559467,1316.407822,1280.777502,0.0,0.0,-13.970233,-37.031493,-0.805492,14.568905,106,0,1,ok,,accept_shape,0,0.0
cwhvm2_hw_dr_l,cwhvm2_hw_dr,L,True,smoothed_bin_pchip,7,1,299,664.480016,155,664.480016,554.506316,6.0,12.0,23.0,437.557933,608.89895,632.000507,590.050851,0.0,0.0,-13.537203,-36.330852,-0.946868,7.690019,138,0,1,ok,,accept_shape,0,0.0
cwhvm2_hw_fdc_l,cwhvm2_hw_fdc,L,True,smoothed_bin_pchip,2,1,299,869.176462,200,869.176462,830.34344,8.0,15.0,27.0,453.324369,701.842498,869.176462,852.003748,0.0,0.0,-8.699517,-22.099415,-0.482163,9.3343,89,0,1,ok,,accept_shape,0,0.0
cwhvm2_hw_fdc_m,cwhvm2_hw_fdc,M,True,smoothed_bin_pchip,2,1,299,1099.188089,185,1099.188089,1034.379236,5.0,10.0,18.0,652.393663,940.012986,1096.113117,1062.484283,0.0,0.0,-10.466003,-28.77358,-0.741494,11.365928,106,0,1,ok,,accept_shape,0,0.0
cwhvm2_hw_hm_l,cwhvm2_hw_hm,L,True,smoothed_bin_pchip,3,1,299,1092.73306,180,1092.73306,995.135501,6.0,12.0,21.0,657.272504,952.613239,1085.383206,1040.664523,0.0,0.0,-17.792235,-46.48992,-1.036809,12.257388,113,0,1,ok,,accept_shape,0,0.0
cwhvm2_hw_ss_h,cwhvm2_hw_ss,H,True,smoothed_bin_pchip,2,1,299,830.37923,190,830.37923,785.534866,6.0,12.0,23.0,486.624654,704.220768,829.4789,807.723235,0.0,0.0,-8.272316,-22.674765,-0.56907,8.925487,93,0,1,ok,,accept_shape,0,0.0
cwhvm2_hw_yc_h,cwhvm2_hw_yc,H,True,smoothed_bin_pchip,50,1,299,1130.529329,180,1130.529329,1047.809964,5.0,10.0,19.0,691.418147,991.286594,1117.672463,1074.634026,0.0,0.0,-9.799725,-27.489435,-1.047047,12.878712,117,0,1,ok,,accept_shape,0,0.0
cwhvm2_yc_ba_h,cwhvm2_yc_ba,H,True,smoothed_bin_pchip,8,1,299,1181.308364,175,1181.308364,1117.455045,9.0,16.0,25.0,761.014144,1069.147388,1174.857899,1145.44452,0.0,0.0,-10.615995,-28.601128,-0.649218,18.767884,112,0,1,ok,,accept_shape,0,0.0
cwhvm2_yc_ba_l,cwhvm2_yc_ba,L,True,smoothed_bin_pchip,14,1,299,473.0,295,473.0,473.0,27.0,39.0,53.0,195.841858,373.687949,466.200836,471.184482,0.0,0.0,0.544304,1.871769,0.0,6.406589,0,0,0,ok,,accept_shape,0,0.0
cwhvm2_yc_ba_m,cwhvm2_yc_ba,M,True,smoothed_bin_pchip,13,1,299,919.52871,190,919.52871,874.714831,12.0,20.0,31.0,517.582845,797.510233,918.82781,902.854941,0.0,0.0,-18.075831,-28.488392,-4.863661,12.551538,84,0,1,ok,,accept_shape,0,0.0
cwhvm2_yc_fdc_m,cwhvm2_yc_fdc,M,True,smoothed_bin_pchip,2,1,299,991.023854,180,991.023854,932.265747,4.0,9.0,18.0,644.467966,890.874603,987.086753,959.436842,0.0,0.0,-10.414194,-27.761225,-0.612751,11.015916,107,0,1,ok,,accept_shape,0,0.0
cwhvm2_yc_pl_l,cwhvm2_yc_pl,L,True,smoothed_bin_pchip,2,1,299,40.0928,191,40.0928,39.75,7.0,35.0,,25.348285,34.278212,39.9,39.799494,0.0,0.0,-0.013451,-0.050752,-0.0264,0.364446,0,0,0,ok,,accept_shape,0,0.0
mhmm1_ba_hm_h,mhmm1_ba_hm,H,True,smoothed_bin_pchip,2,1,299,979.539369,200,979.539369,958.220377,7.0,13.0,22.0,633.130961,870.565472,979.539369,972.314227,0.0,0.0,-5.816231,-14.342045,-0.323407,11.926022,46,0,1,ok,,accept_shape,0,0.0
mhmm1_ba_hm_l,mhmm1_ba_hm,L,True,smoothed_bin_pchip,8,1,299,526.1812,299,526.1812,526.1812,30.0,43.0,58.0,157.424858,359.355431,515.856963,522.968137,0.0,0.0,1.143987,3.292488,0.0,6.216151,0,0,0,ok,,accept_shape,0,0.0
mhmm1_ba_yc_h,mhmm1_ba_yc,H,True,smoothed_bin_pchip,7,1,299,1193.49399,210,1193.49399,1166.30456,8.0,14.0,23.0,749.496136,1067.535248,1193.032956,1184.744991,0.0,0.0,-9.876712,-18.738347,-1.92312,15.932861,60,0,1,ok,,accept_shape,0,0.0
mhmm1_ba_yc_l,mhmm1_ba_yc,L,True,smoothed_bin_pchip,15,1,299,531.0552,299,531.0552,531.0552,31.0,44.0,58.0,162.8709,363.107457,515.200328,525.272432,0.0,0.0,2.062883,5.923895,0.0,5.877501,0,0,0,ok,,accept_shape,0,0.0
mhmm1_yc_ba_h,mhmm1_yc_ba,H,True,smoothed_bin_pchip,5,1,299,845.514506,170,845.514506,792.269829,12.0,21.0,32.0,490.537733,754.975936,820.124775,800.849445,0.0,0.0,-3.266966,-8.771115,-1.118763,12.265977,55,0,1,ok,,accept_shape,0,0.0
mhmm1_yc_ba_l,mhmm1_yc_ba,L,True,smoothed_bin_pchip,9,1,299,469.594933,299,469.594933,469.594933,26.0,38.0,53.0,193.391249,360.237668,455.22928,464.095685,0.0,0.0,1.887829,5.635496,0.0,6.503934,0,0,0,ok,,accept_shape,0,0.0
mhmm1_yc_pl_m,mhmm1_yc_pl,M,True,smoothed_bin_pchip,2,1,299,759.533295,180,759.533295,701.640972,7.0,14.0,25.0,437.840543,649.135378,754.107011,723.948746,0.0,0.0,-8.295402,-22.835242,-0.657558,8.479359,108,0,1,ok,,accept_shape,0,0.0
