au_id,source_stand_count,source_row_count,observed_bin_count,curve_point_count,age_min,age_max,assignment_weight_basis,ambiguous_stand_count,tie_break_stand_count,lexmatch_stand_count,lexmatch_alias_stand_count,sparse_warning,selected_path,rmse,mape,tail_rmse,accepted
cmaunp_hw_cw_l,1,51,0,0,250,300,shape_area_ha,0,0,0,0,True,insufficient_source_stands,,,,False
cmaunp_yc_cw_l,1,51,0,0,250,300,shape_area_ha,0,0,0,0,True,insufficient_source_stands,,,,False
cmaunp_yc_hw_l,1,51,0,0,250,300,shape_area_ha,0,0,0,0,True,insufficient_source_stands,,,,False
cwhvh1_ba_cw_h,1,276,0,0,25,300,shape_area_ha,0,0,0,0,True,insufficient_source_stands,,,,False
cwhvh1_ba_cw_l,1,251,0,0,50,300,shape_area_ha,0,0,0,0,True,insufficient_source_stands,,,,False
cwhvh1_ba_hw_h,2,252,41,299,100,300,shape_area_ha,0,0,0,0,True,smoothed_bin_pchip,6.433868,0.006346,6.519845,True
cwhvh1_ba_hw_l,2,438,49,299,17,300,shape_area_ha,0,0,0,0,True,smoothed_bin_pchip,11.55439,0.006404,2.898474,True
cwhvh1_ba_hw_m,1,184,0,0,117,300,shape_area_ha,0,0,0,0,True,insufficient_source_stands,,,,False
cwhvh1_ba_ss_l,1,261,0,0,40,300,shape_area_ha,0,0,0,0,True,insufficient_source_stands,,,,False
cwhvh1_cw_ba_h,2,384,49,299,28,300,shape_area_ha,0,0,0,0,True,smoothed_bin_pchip,23.846078,0.01691,27.581222,True
cwhvh1_cw_ba_l,2,502,49,299,50,300,shape_area_ha,0,0,0,0,True,smoothed_bin_pchip,7.363522,0.00414,2.277151,True
cwhvh1_cw_dr_h,2,550,49,299,23,300,shape_area_ha,0,0,0,0,True,smoothed_bin_pchip,8.062727,0.006935,2.457053,True
cwhvh1_cw_dr_l,2,557,49,299,16,300,shape_area_ha,0,0,0,0,True,smoothed_bin_pchip,7.832108,0.006035,2.978966,True
cwhvh1_cw_dr_m,1,274,0,0,27,300,shape_area_ha,0,0,0,0,True,insufficient_source_stands,,,,False
cwhvh1_cw_h,15,2451,49,299,20,300,shape_area_ha,0,0,0,0,False,smoothed_bin_pchip,17.109981,0.017521,18.194414,True
cwhvh1_cw_hw_h,138,26066,49,299,16,546,shape_area_ha,0,0,0,0,False,smoothed_bin_pchip,8.50863,0.010046,7.16822,True
cwhvh1_cw_hw_l,172,24184,49,299,16,446,shape_area_ha,0,0,0,0,False,smoothed_bin_pchip,13.122967,0.018778,15.563198,True
cwhvh1_cw_hw_m,118,20417,49,299,15,546,shape_area_ha,0,0,0,0,False,smoothed_bin_pchip,7.81674,0.010498,8.279581,True
cwhvh1_cw_l,16,2413,49,299,23,326,shape_area_ha,0,0,0,0,False,smoothed_bin_pchip,33.603209,0.038523,41.631484,True
cwhvh1_cw_m,12,1563,49,299,21,326,shape_area_ha,0,0,0,0,False,smoothed_bin_pchip,7.270868,0.011029,5.007972,True
cwhvh1_cw_ss_h,5,1106,49,299,19,300,shape_area_ha,0,0,0,0,False,smoothed_bin_pchip,34.064339,0.027555,35.349263,True
cwhvh1_cw_ss_l,9,1396,49,299,22,376,shape_area_ha,0,0,0,0,False,smoothed_bin_pchip,6.553678,0.007604,3.361783,True
cwhvh1_cw_yc_h,14,2465,49,299,23,376,shape_area_ha,0,0,0,0,False,smoothed_bin_pchip,6.380933,0.006753,2.191408,True
cwhvh1_cw_yc_l,22,1853,49,299,20,376,shape_area_ha,0,0,0,0,False,smoothed_bin_pchip,13.781918,0.012764,16.031953,True
cwhvh1_cw_yc_m,11,22,0,0,362,390,shape_area_ha,0,0,0,0,False,insufficient_source_stands,,,,False
cwhvh1_dr_ba_l,1,251,0,0,50,300,shape_area_ha,0,0,0,0,True,insufficient_source_stands,,,,False
cwhvh1_dr_cw_h,1,290,0,0,11,300,shape_area_ha,0,0,0,0,True,insufficient_source_stands,,,,False
cwhvh1_dr_cw_l,1,292,0,0,9,300,shape_area_ha,0,0,0,0,True,insufficient_source_stands,,,,False
cwhvh1_dr_h,5,998,49,299,15,300,shape_area_ha,0,0,0,0,False,smoothed_bin_pchip,15.81732,0.035493,19.807686,True
cwhvh1_dr_hw_h,6,1098,49,299,24,376,shape_area_ha,0,0,0,0,False,smoothed_bin_pchip,2.213848,0.004307,1.185691,True
cwhvh1_dr_hw_l,6,1563,49,299,17,300,shape_area_ha,0,0,0,0,False,smoothed_bin_pchip,2.135911,0.004254,1.485337,True
cwhvh1_dr_hw_m,6,1467,49,299,25,300,shape_area_ha,0,0,0,0,False,smoothed_bin_pchip,2.504555,0.00324,1.625999,True
cwhvh1_dr_l,5,970,49,299,20,300,shape_area_ha,0,0,0,0,False,smoothed_bin_pchip,74.081448,0.088322,92.771758,True
cwhvh1_dr_m,5,990,49,299,17,300,shape_area_ha,0,0,0,0,False,smoothed_bin_pchip,49.518755,0.039923,61.734838,True
cwhvh1_dr_ss_h,1,240,0,0,61,300,shape_area_ha,0,0,0,0,True,insufficient_source_stands,,,,False
cwhvh1_dr_ss_l,1,277,0,0,24,300,shape_area_ha,0,0,0,0,True,insufficient_source_stands,,,,False
cwhvh1_fd_cw_l,2,336,49,299,16,300,shape_area_ha,0,0,0,0,True,smoothed_bin_pchip,66.93908,0.034449,83.535341,True
cwhvh1_fd_hw_h,1,254,0,0,47,300,shape_area_ha,0,0,0,0,True,insufficient_source_stands,,,,False
cwhvh1_fd_hw_l,1,274,0,0,27,300,shape_area_ha,0,0,0,0,True,insufficient_source_stands,,,,False
cwhvh1_hw_ba_h,57,12129,49,299,14,376,shape_area_ha,0,0,0,0,False,smoothed_bin_pchip,16.950911,0.013266,19.752464,True
cwhvh1_hw_ba_l,78,12556,49,299,15,376,shape_area_ha,0,0,0,0,False,smoothed_bin_pchip,9.309626,0.011551,7.909472,True
cwhvh1_hw_ba_m,31,5409,49,299,11,376,shape_area_ha,0,0,0,0,False,smoothed_bin_pchip,10.814369,0.010239,9.266636,True
cwhvh1_hw_cw_h,96,20312,49,299,11,326,shape_area_ha,0,0,0,0,False,smoothed_bin_pchip,14.298672,0.012234,14.810063,True
cwhvh1_hw_cw_l,117,19440,49,299,12,376,shape_area_ha,0,0,0,0,False,smoothed_bin_pchip,7.159752,0.010582,7.597317,True
cwhvh1_hw_cw_m,69,12824,49,299,16,376,shape_area_ha,0,0,0,0,False,smoothed_bin_pchip,12.0771,0.011629,13.896541,True
cwhvh1_hw_dr_h,9,1860,49,299,19,376,shape_area_ha,0,0,0,0,False,smoothed_bin_pchip,11.260524,0.010527,8.158921,True
cwhvh1_hw_dr_l,11,2361,49,299,35,326,shape_area_ha,0,0,0,0,False,smoothed_bin_pchip,14.790273,0.017352,4.499338,True
cwhvh1_hw_dr_m,7,1819,49,299,23,300,shape_area_ha,0,0,0,0,False,smoothed_bin_pchip,4.927038,0.007265,2.911348,True
cwhvh1_hw_fd_l,2,546,49,299,24,300,shape_area_ha,0,0,0,0,True,smoothed_bin_pchip,6.530259,0.00432,3.748055,True
cwhvh1_hw_h,18,3416,49,299,16,376,shape_area_ha,0,0,0,0,False,smoothed_bin_pchip,26.010321,0.02423,17.736713,True
cwhvh1_hw_l,20,2407,49,299,20,300,shape_area_ha,0,0,0,0,False,smoothed_bin_pchip,21.973565,0.040018,21.839941,True
cwhvh1_hw_m,13,1931,49,299,20,326,shape_area_ha,0,0,0,0,False,smoothed_bin_pchip,23.318319,0.020048,23.35842,True
cwhvh1_hw_pl_l,1,2,0,0,362,376,shape_area_ha,0,0,0,0,True,insufficient_source_stands,,,,False
cwhvh1_hw_ss_h,40,8953,49,299,14,300,shape_area_ha,0,0,0,0,False,smoothed_bin_pchip,12.648916,0.009415,12.704004,True
cwhvh1_hw_ss_l,48,7160,49,299,16,376,shape_area_ha,0,0,0,0,False,smoothed_bin_pchip,20.685952,0.022113,18.936625,True
cwhvh1_hw_ss_m,34,6596,49,299,16,326,shape_area_ha,0,0,0,0,False,smoothed_bin_pchip,12.19129,0.011483,13.247842,True
cwhvh1_ss_cw_h,2,567,49,299,16,300,shape_area_ha,0,0,0,0,True,smoothed_bin_pchip,9.325564,0.00499,3.804868,True
cwhvh1_ss_cw_l,2,396,49,299,16,300,shape_area_ha,0,0,0,0,True,smoothed_bin_pchip,49.879624,0.026588,61.890111,True
cwhvh1_ss_cw_m,2,435,49,299,17,300,shape_area_ha,0,0,0,0,True,smoothed_bin_pchip,42.163678,0.021628,32.223132,True
cwhvh1_ss_dr_h,1,274,0,0,27,300,shape_area_ha,0,0,0,0,True,insufficient_source_stands,,,,False
cwhvh1_ss_dr_l,1,277,0,0,24,300,shape_area_ha,0,0,0,0,True,insufficient_source_stands,,,,False
cwhvh1_ss_h,2,519,49,299,23,300,shape_area_ha,0,0,0,0,True,smoothed_bin_pchip,3.765405,0.006132,3.308984,True
cwhvh1_ss_hw_h,10,1837,49,299,16,326,shape_area_ha,0,0,0,0,False,smoothed_bin_pchip,5.82108,0.009434,4.211909,True
cwhvh1_ss_hw_l,13,1880,49,299,40,306,shape_area_ha,0,0,0,0,False,smoothed_bin_pchip,29.470118,0.018866,36.208422,True
cwhvh1_ss_hw_m,18,2728,49,299,20,306,shape_area_ha,0,0,0,0,False,smoothed_bin_pchip,43.462215,0.034682,53.967778,True
cwhvh1_ss_l,2,529,49,299,28,300,shape_area_ha,0,0,0,0,True,smoothed_bin_pchip,5.267166,0.007242,3.845805,True
cwhvh1_yc_cw_h,6,1238,49,299,24,376,shape_area_ha,0,0,0,0,False,smoothed_bin_pchip,10.917431,0.011112,5.448769,True
cwhvh1_yc_cw_l,12,807,49,299,19,376,shape_area_ha,0,0,0,0,False,smoothed_bin_pchip,6.305441,0.006051,4.010674,True
cwhvh1_yc_cw_m,11,787,49,299,25,376,shape_area_ha,0,0,0,0,False,smoothed_bin_pchip,33.646202,0.035985,41.989718,True
cwhvh1_yc_h,1,139,0,0,162,300,shape_area_ha,0,0,0,0,True,insufficient_source_stands,,,,False
cwhvh1_yc_hw_h,2,543,49,299,28,300,shape_area_ha,0,0,0,0,True,smoothed_bin_pchip,5.162972,0.007262,2.010135,True
cwhvh1_yc_hw_l,3,6,0,0,362,376,shape_area_ha,0,0,0,0,True,insufficient_source_stands,,,,False
cwhvh1_yc_hw_m,3,346,49,299,26,376,shape_area_ha,0,0,0,0,True,smoothed_bin_pchip,7.641087,0.00834,4.877921,True
cwhvh1_yc_l,1,2,0,0,362,376,shape_area_ha,0,0,0,0,True,insufficient_source_stands,,,,False
cwhvh1_yc_pl_h,1,154,0,0,147,300,shape_area_ha,0,0,0,0,True,insufficient_source_stands,,,,False
cwhvh1_yc_pl_l,1,2,0,0,362,376,shape_area_ha,0,0,0,0,True,insufficient_source_stands,,,,False
cwhvm1_ac_dr_l,1,221,0,0,80,300,shape_area_ha,0,0,0,0,True,insufficient_source_stands,,,,False
cwhvm1_ac_hw_l,1,231,0,0,70,300,shape_area_ha,0,0,0,0,True,insufficient_source_stands,,,,False
cwhvm1_ac_ss_l,1,271,0,0,30,300,shape_area_ha,0,0,0,0,True,insufficient_source_stands,,,,False
cwhvm1_ba_cw_h,3,659,49,299,17,300,shape_area_ha,0,0,0,0,True,smoothed_bin_pchip,37.554736,0.022655,46.418743,True
cwhvm1_ba_cw_l,2,388,49,299,24,300,shape_area_ha,0,0,0,0,True,smoothed_bin_pchip,38.997086,0.021957,47.213611,True
cwhvm1_ba_cw_m,1,281,0,0,20,300,shape_area_ha,0,0,0,0,True,insufficient_source_stands,,,,False
cwhvm1_ba_h,1,39,0,0,262,300,shape_area_ha,0,0,0,0,True,insufficient_source_stands,,,,False
cwhvm1_ba_hw_h,35,6738,49,299,15,326,shape_area_ha,0,0,0,0,False,smoothed_bin_pchip,9.944847,0.008107,7.639865,True
cwhvm1_ba_hw_l,46,6042,49,299,16,376,shape_area_ha,0,0,0,0,False,smoothed_bin_pchip,21.958141,0.016225,19.649126,True
cwhvm1_ba_hw_m,26,4949,49,299,16,376,shape_area_ha,0,0,0,0,False,smoothed_bin_pchip,21.12753,0.017105,24.777043,True
cwhvm1_ba_l,2,113,23,299,190,326,shape_area_ha,0,0,0,0,True,smoothed_bin_pchip,3.622278,0.022903,3.622278,True
cwhvm1_ba_yc_l,1,284,0,0,17,300,shape_area_ha,0,0,0,0,True,insufficient_source_stands,,,,False
cwhvm1_cw_ba_h,2,533,49,299,22,300,shape_area_ha,0,0,0,0,True,smoothed_bin_pchip,9.332979,0.00534,3.52984,True
cwhvm1_cw_ba_l,14,3283,49,299,14,300,shape_area_ha,0,0,0,0,False,smoothed_bin_pchip,7.750964,0.006795,5.26586,True
cwhvm1_cw_dr_h,5,1288,49,299,19,300,shape_area_ha,0,0,0,0,False,smoothed_bin_pchip,19.999853,0.016049,2.959029,True
cwhvm1_cw_dr_l,6,1046,49,299,27,300,shape_area_ha,0,0,0,0,False,smoothed_bin_pchip,19.029359,0.023678,22.960571,True
cwhvm1_cw_dr_m,7,1590,49,299,17,326,shape_area_ha,0,0,0,0,False,smoothed_bin_pchip,11.599504,0.008903,10.81037,True
cwhvm1_cw_fd_h,1,285,0,0,16,300,shape_area_ha,0,0,0,0,True,insufficient_source_stands,,,,False
cwhvm1_cw_fd_l,1,271,0,0,30,300,shape_area_ha,0,0,0,0,True,insufficient_source_stands,,,,False
cwhvm1_cw_fdc_h,6,1562,49,299,17,300,shape_area_ha,0,0,0,0,False,smoothed_bin_pchip,11.890324,0.006494,4.070716,True
cwhvm1_cw_fdc_l,9,2124,49,299,15,300,shape_area_ha,0,0,0,0,False,smoothed_bin_pchip,12.878233,0.009141,14.91726,True
cwhvm1_cw_h,128,26194,49,299,11,426,shape_area_ha,0,0,0,0,False,smoothed_bin_pchip,13.072985,0.012541,14.582817,True
cwhvm1_cw_hm_h,2,180,27,299,172,300,shape_area_ha,0,0,0,0,True,smoothed_bin_pchip,8.486087,0.009124,8.486087,True
cwhvm1_cw_hm_l,2,152,21,299,200,300,shape_area_ha,0,0,0,0,True,smoothed_bin_pchip,16.821636,0.036852,16.821636,True
cwhvm1_cw_hm_m,1,51,0,0,250,300,shape_area_ha,0,0,0,0,True,insufficient_source_stands,,,,False
cwhvm1_cw_hw_h,694,143889,49,299,13,431,shape_area_ha,0,0,0,0,False,smoothed_bin_pchip,8.332434,0.008055,5.821976,True
cwhvm1_cw_hw_l,884,150744,49,299,10,462,shape_area_ha,0,0,0,0,False,smoothed_bin_pchip,18.160018,0.019367,21.566078,True
cwhvm1_cw_hw_m,544,99526,49,299,12,676,shape_area_ha,0,0,0,0,False,smoothed_bin_pchip,11.181094,0.011396,11.642477,True
cwhvm1_cw_l,147,21977,49,299,10,376,shape_area_ha,0,0,0,0,False,smoothed_bin_pchip,30.234306,0.031788,37.089995,True
cwhvm1_cw_m,140,20035,49,299,15,376,shape_area_ha,0,0,0,0,False,smoothed_bin_pchip,37.330915,0.051088,28.900818,True
cwhvm1_cw_pl_h,20,3303,49,299,14,326,shape_area_ha,0,0,0,0,False,smoothed_bin_pchip,25.508629,0.020082,30.778299,True
cwhvm1_cw_pl_l,37,6389,49,299,17,326,shape_area_ha,0,0,0,0,False,smoothed_bin_pchip,13.530658,0.014298,13.276976,True
cwhvm1_cw_pl_m,29,4886,49,299,17,326,shape_area_ha,0,0,0,0,False,smoothed_bin_pchip,46.522959,0.039314,57.550134,True
cwhvm1_cw_plc_h,2,391,49,299,21,300,shape_area_ha,0,0,0,0,True,smoothed_bin_pchip,32.442134,0.017885,39.999421,True
cwhvm1_cw_plc_l,12,2106,49,299,17,326,shape_area_ha,0,0,0,0,False,smoothed_bin_pchip,22.328448,0.020849,26.631401,True
cwhvm1_cw_pw_l,1,273,0,0,28,300,shape_area_ha,0,0,0,0,True,insufficient_source_stands,,,,False
cwhvm1_cw_ss_h,6,1342,49,299,15,300,shape_area_ha,0,0,0,0,False,smoothed_bin_pchip,10.98003,0.006194,5.671742,True
cwhvm1_cw_ss_l,14,2687,49,299,17,326,shape_area_ha,0,0,0,0,False,smoothed_bin_pchip,18.406312,0.020561,22.047993,True
cwhvm1_cw_ss_m,17,3616,49,299,17,300,shape_area_ha,0,0,0,0,False,smoothed_bin_pchip,8.739966,0.007905,6.310667,True
cwhvm1_cw_yc_h,65,12951,49,299,14,390,shape_area_ha,0,0,0,0,False,smoothed_bin_pchip,30.963885,0.022822,37.665557,True
cwhvm1_cw_yc_l,91,11873,49,299,16,376,shape_area_ha,0,0,0,0,False,smoothed_bin_pchip,36.146393,0.032324,44.922137,True
cwhvm1_cw_yc_m,30,4785,49,299,16,390,shape_area_ha,0,0,0,0,False,smoothed_bin_pchip,18.658115,0.017221,22.5409,True
cwhvm1_dr_ac_l,1,101,0,0,200,300,shape_area_ha,0,0,0,0,True,insufficient_source_stands,,,,False
cwhvm1_dr_ba_l,1,251,0,0,50,300,shape_area_ha,0,0,0,0,True,insufficient_source_stands,,,,False
cwhvm1_dr_cw_h,3,765,49,299,9,300,shape_area_ha,0,0,0,0,True,smoothed_bin_pchip,20.415179,0.013784,4.069403,True
cwhvm1_dr_cw_l,6,762,49,299,35,326,shape_area_ha,0,0,0,0,False,smoothed_bin_pchip,71.366717,0.065156,74.432357,True
cwhvm1_dr_cw_m,9,2485,49,299,9,300,shape_area_ha,0,0,0,0,False,smoothed_bin_pchip,1.809734,0.004451,1.010346,True
cwhvm1_dr_fd_l,1,277,0,0,24,300,shape_area_ha,0,0,0,0,True,insufficient_source_stands,,,,False
cwhvm1_dr_h,72,16366,49,299,12,326,shape_area_ha,0,0,0,0,False,smoothed_bin_pchip,7.077549,0.007915,2.893092,True
cwhvm1_dr_hw_h,99,22278,49,299,10,326,shape_area_ha,0,0,0,0,False,smoothed_bin_pchip,10.855442,0.011366,11.43366,True
cwhvm1_dr_hw_l,125,28296,49,299,11,376,shape_area_ha,0,0,0,0,False,smoothed_bin_pchip,4.770796,0.009095,2.659533,True
cwhvm1_dr_hw_m,95,20748,49,299,10,376,shape_area_ha,0,0,0,0,False,smoothed_bin_pchip,9.185658,0.012905,4.280843,True
cwhvm1_dr_l,105,25864,49,299,15,300,shape_area_ha,0,0,0,0,False,smoothed_bin_pchip,3.427244,0.012513,2.623708,True
cwhvm1_dr_m,44,10332,49,299,17,300,shape_area_ha,0,0,0,0,False,smoothed_bin_pchip,6.004913,0.01386,6.669719,True
cwhvm1_dr_ss_h,8,1378,49,299,15,376,shape_area_ha,0,0,0,0,False,smoothed_bin_pchip,5.089635,0.005432,3.029036,True
cwhvm1_dr_ss_l,11,2966,49,299,23,300,shape_area_ha,0,0,0,0,False,smoothed_bin_pchip,8.139369,0.011496,0.556751,True
cwhvm1_dr_ss_m,7,1595,49,299,21,376,shape_area_ha,0,0,0,0,False,smoothed_bin_pchip,2.695619,0.004341,1.194323,True
cwhvm1_fd_ba_l,1,254,0,0,47,300,shape_area_ha,0,0,0,0,True,insufficient_source_stands,,,,False
cwhvm1_fd_cw_h,1,284,0,0,17,300,shape_area_ha,0,0,0,0,True,insufficient_source_stands,,,,False
cwhvm1_fd_cw_l,1,189,0,0,112,300,shape_area_ha,0,0,0,0,True,insufficient_source_stands,,,,False
cwhvm1_fd_h,4,618,49,299,16,300,shape_area_ha,0,0,0,0,True,smoothed_bin_pchip,24.249413,0.018448,29.638629,True
cwhvm1_fd_hw_h,21,4795,49,299,17,376,shape_area_ha,0,0,0,0,False,smoothed_bin_pchip,10.890353,0.006112,5.726977,True
cwhvm1_fd_hw_l,28,5511,49,299,17,326,shape_area_ha,0,0,0,0,False,smoothed_bin_pchip,55.729441,0.043696,9.00476,True
cwhvm1_fd_hw_m,23,4893,49,299,17,300,shape_area_ha,0,0,0,0,False,smoothed_bin_pchip,16.424748,0.012901,19.325915,True
cwhvm1_fd_l,5,991,49,299,23,300,shape_area_ha,0,0,0,0,False,smoothed_bin_pchip,8.795153,0.006965,4.928744,True
cwhvm1_fd_m,3,117,9,299,262,300,shape_area_ha,0,0,0,0,True,smoothed_bin_pchip,52.177499,0.022405,52.177499,True
cwhvm1_fdc_cw_h,1,284,0,0,17,300,shape_area_ha,0,0,0,0,True,insufficient_source_stands,,,,False
cwhvm1_fdc_cw_l,12,2908,49,299,16,300,shape_area_ha,0,0,0,0,False,smoothed_bin_pchip,11.388148,0.008232,11.332343,True
cwhvm1_fdc_dr_l,1,273,0,0,28,300,shape_area_ha,0,0,0,0,True,insufficient_source_stands,,,,False
cwhvm1_fdc_hw_h,13,3317,49,299,14,300,shape_area_ha,0,0,0,0,False,smoothed_bin_pchip,9.834819,0.005934,5.86473,True
cwhvm1_fdc_hw_l,16,3978,49,299,17,300,shape_area_ha,0,0,0,0,False,smoothed_bin_pchip,13.36411,0.008608,6.118727,True
cwhvm1_fdc_hw_m,7,1617,49,299,14,300,shape_area_ha,0,0,0,0,False,smoothed_bin_pchip,8.297735,0.005798,4.52669,True
cwhvm1_fdc_pw_l,1,209,0,0,92,300,shape_area_ha,0,0,0,0,True,insufficient_source_stands,,,,False
cwhvm1_fdc_ss_h,1,284,0,0,17,300,shape_area_ha,0,0,0,0,True,insufficient_source_stands,,,,False
cwhvm1_fdc_ss_l,1,251,0,0,50,300,shape_area_ha,0,0,0,0,True,insufficient_source_stands,,,,False
cwhvm1_hm_ba_h,1,284,0,0,17,300,shape_area_ha,0,0,0,0,True,insufficient_source_stands,,,,False
cwhvm1_hm_ba_l,1,129,0,0,172,300,shape_area_ha,0,0,0,0,True,insufficient_source_stands,,,,False
cwhvm1_hm_ba_m,1,59,0,0,242,300,shape_area_ha,0,0,0,0,True,insufficient_source_stands,,,,False
cwhvm1_hm_cw_l,1,51,0,0,250,300,shape_area_ha,0,0,0,0,True,insufficient_source_stands,,,,False
cwhvm1_hm_yc_h,7,1151,49,299,17,300,shape_area_ha,0,0,0,0,False,smoothed_bin_pchip,34.531428,0.029965,42.544387,True
cwhvm1_hm_yc_l,11,475,23,299,192,376,shape_area_ha,0,0,0,0,False,smoothed_bin_pchip,23.922933,0.050724,23.922933,True
cwhvm1_hm_yc_m,2,283,49,299,20,376,shape_area_ha,0,0,0,0,True,smoothed_bin_pchip,9.092017,0.004889,4.701841,True
cwhvm1_hw_ba_h,513,118699,49,299,13,376,shape_area_ha,0,0,0,0,False,smoothed_bin_pchip,8.265048,0.00622,4.613455,True
cwhvm1_hw_ba_l,910,137615,49,299,9,390,shape_area_ha,0,0,0,0,False,smoothed_bin_pchip,12.302734,0.011437,11.046265,True
cwhvm1_hw_ba_m,1196,266021,49,299,11,376,shape_area_ha,0,0,0,0,False,smoothed_bin_pchip,8.566164,0.007109,6.190657,True
cwhvm1_hw_cw_h,342,81284,49,299,10,826,shape_area_ha,0,0,0,0,False,smoothed_bin_pchip,9.074804,0.006708,5.905809,True
cwhvm1_hw_cw_l,1059,182066,49,299,7,376,shape_area_ha,0,0,0,0,False,smoothed_bin_pchip,9.18919,0.010573,8.798603,True
cwhvm1_hw_cw_m,1562,364068,49,299,9,413,shape_area_ha,0,0,0,0,False,smoothed_bin_pchip,7.917257,0.006664,5.537421,True
cwhvm1_hw_dr_h,132,30669,49,299,15,356,shape_area_ha,0,0,0,0,False,smoothed_bin_pchip,6.604656,0.0061,4.502838,True
cwhvm1_hw_dr_l,147,32470,49,299,17,376,shape_area_ha,0,0,0,0,False,smoothed_bin_pchip,7.968016,0.00942,5.818675,True
cwhvm1_hw_dr_m,146,35484,49,299,15,376,shape_area_ha,0,0,0,0,False,smoothed_bin_pchip,6.935976,0.006078,2.459533,True
cwhvm1_hw_fd_h,56,12790,49,299,16,326,shape_area_ha,0,0,0,0,False,smoothed_bin_pchip,10.156873,0.007169,8.794143,True
cwhvm1_hw_fd_l,63,12242,49,299,16,376,shape_area_ha,0,0,0,0,False,smoothed_bin_pchip,10.94185,0.009684,10.655722,True
cwhvm1_hw_fd_m,54,12894,49,299,16,326,shape_area_ha,0,0,0,0,False,smoothed_bin_pchip,6.585817,0.005121,5.239549,True
cwhvm1_hw_fdc_h,51,13001,49,299,11,300,shape_area_ha,0,0,0,0,False,smoothed_bin_pchip,8.936263,0.006161,5.607856,True
cwhvm1_hw_fdc_l,108,27607,49,299,14,326,shape_area_ha,0,0,0,0,False,smoothed_bin_pchip,8.386874,0.005706,5.124781,True
cwhvm1_hw_fdi_l,1,284,0,0,17,300,shape_area_ha,0,0,0,0,True,insufficient_source_stands,,,,False
cwhvm1_hw_h,220,52675,49,299,13,376,shape_area_ha,0,0,0,0,False,smoothed_bin_pchip,7.463407,0.005834,4.599468,True
cwhvm1_hw_hw_h,1,266,0,0,35,300,shape_area_ha,0,0,0,0,True,insufficient_source_stands,,,,False
cwhvm1_hw_hw_l,1,111,0,0,190,300,shape_area_ha,0,0,0,0,True,insufficient_source_stands,,,,False
cwhvm1_hw_l,351,58283,49,299,13,376,shape_area_ha,0,0,0,0,False,smoothed_bin_pchip,10.441518,0.011551,10.981689,True
cwhvm1_hw_m,439,101754,49,299,12,376,shape_area_ha,0,0,0,0,False,smoothed_bin_pchip,8.077534,0.007614,5.879338,True
cwhvm1_hw_pl_l,1,274,0,0,27,300,shape_area_ha,0,0,0,0,True,insufficient_source_stands,,,,False
cwhvm1_hw_plc_l,1,274,0,0,27,300,shape_area_ha,0,0,0,0,True,insufficient_source_stands,,,,False
cwhvm1_hw_ss_h,228,53584,49,299,12,376,shape_area_ha,0,0,0,0,False,smoothed_bin_pchip,10.665948,0.008297,9.612593,True
cwhvm1_hw_ss_l,449,106110,49,299,14,376,shape_area_ha,0,0,0,0,False,smoothed_bin_pchip,8.134085,0.006801,6.052732,True
cwhvm1_hw_ss_m,72,16550,49,299,16,326,shape_area_ha,0,0,0,0,False,smoothed_bin_pchip,8.165652,0.0056,4.262355,True
cwhvm1_hw_yc_h,1,284,0,0,17,300,shape_area_ha,0,0,0,0,True,insufficient_source_stands,,,,False
cwhvm1_hw_yc_l,24,2934,49,299,17,326,shape_area_ha,0,0,0,0,False,smoothed_bin_pchip,14.445664,0.015798,14.473838,True
cwhvm1_hw_yc_m,36,8376,49,299,12,300,shape_area_ha,0,0,0,0,False,smoothed_bin_pchip,11.600277,0.008606,10.89495,True
cwhvm1_mb_l,1,221,0,0,80,300,shape_area_ha,0,0,0,0,True,insufficient_source_stands,,,,False
cwhvm1_pl_cw_h,4,957,49,299,21,300,shape_area_ha,0,0,0,0,True,smoothed_bin_pchip,14.741109,0.012938,15.429174,True
cwhvm1_pl_cw_l,4,549,49,299,17,326,shape_area_ha,0,0,0,0,True,smoothed_bin_pchip,14.396467,0.011884,16.79439,True
cwhvm1_pl_cw_m,2,386,49,299,26,300,shape_area_ha,0,0,0,0,True,smoothed_bin_pchip,37.931084,0.026104,47.019966,True
cwhvm1_pl_hw_h,1,276,0,0,25,300,shape_area_ha,0,0,0,0,True,insufficient_source_stands,,,,False
cwhvm1_pl_hw_l,1,279,0,0,22,300,shape_area_ha,0,0,0,0,True,insufficient_source_stands,,,,False
cwhvm1_pl_l,1,2,0,0,300,326,shape_area_ha,0,0,0,0,True,insufficient_source_stands,,,,False
cwhvm1_pl_sx_l,1,278,0,0,23,300,shape_area_ha,0,0,0,0,True,insufficient_source_stands,,,,False
cwhvm1_pl_yc_l,1,111,0,0,190,300,shape_area_ha,0,0,0,0,True,insufficient_source_stands,,,,False
cwhvm1_pli_at_l,1,39,0,0,262,300,shape_area_ha,0,0,0,0,True,insufficient_source_stands,,,,False
cwhvm1_pli_sx_h,2,280,49,299,23,326,shape_area_ha,0,0,0,0,True,smoothed_bin_pchip,10.268683,0.010866,12.11964,True
cwhvm1_pli_sx_l,2,207,42,299,96,326,shape_area_ha,0,0,0,0,True,smoothed_bin_pchip,8.870367,0.009031,10.012952,True
cwhvm1_pli_sx_m,2,539,49,299,20,300,shape_area_ha,0,0,0,0,True,smoothed_bin_pchip,4.682747,0.006895,2.375957,True
cwhvm1_ss_ba_h,1,259,0,0,42,300,shape_area_ha,0,0,0,0,True,insufficient_source_stands,,,,False
cwhvm1_ss_ba_l,4,880,49,299,16,300,shape_area_ha,0,0,0,0,True,smoothed_bin_pchip,22.624297,0.011933,26.481219,True
cwhvm1_ss_cw_h,9,2199,49,299,14,300,shape_area_ha,0,0,0,0,False,smoothed_bin_pchip,9.737306,0.005179,2.602881,True
cwhvm1_ss_cw_l,12,2520,49,299,22,326,shape_area_ha,0,0,0,0,False,smoothed_bin_pchip,6.267244,0.005819,4.869482,True
cwhvm1_ss_cw_m,4,867,49,299,27,300,shape_area_ha,0,0,0,0,True,smoothed_bin_pchip,15.428056,0.012358,11.62784,True
cwhvm1_ss_dr_h,6,1400,49,299,24,300,shape_area_ha,0,0,0,0,False,smoothed_bin_pchip,11.016393,0.008583,6.849457,True
cwhvm1_ss_dr_l,6,1335,49,299,42,300,shape_area_ha,0,0,0,0,False,smoothed_bin_pchip,6.928329,0.007263,4.929716,True
cwhvm1_ss_dr_m,4,860,49,299,24,300,shape_area_ha,0,0,0,0,True,smoothed_bin_pchip,8.930734,0.009083,8.464767,True
cwhvm1_ss_fdc_l,1,284,0,0,17,300,shape_area_ha,0,0,0,0,True,insufficient_source_stands,,,,False
cwhvm1_ss_h,3,817,49,299,16,300,shape_area_ha,0,0,0,0,True,smoothed_bin_pchip,11.362704,0.005154,5.500751,True
cwhvm1_ss_hw_h,49,10471,49,299,15,326,shape_area_ha,0,0,0,0,False,smoothed_bin_pchip,11.693502,0.006368,6.099111,True
cwhvm1_ss_hw_l,49,10511,49,299,16,376,shape_area_ha,0,0,0,0,False,smoothed_bin_pchip,8.295239,0.006785,5.379744,True
cwhvm1_ss_hw_m,49,11269,49,299,14,385,shape_area_ha,0,0,0,0,False,smoothed_bin_pchip,10.328949,0.007029,7.271173,True
cwhvm1_ss_l,4,317,39,299,113,300,shape_area_ha,0,0,0,0,True,smoothed_bin_pchip,25.799902,0.025793,28.80108,True
cwhvm1_ss_m,3,813,49,299,22,300,shape_area_ha,0,0,0,0,True,smoothed_bin_pchip,5.574436,0.006018,5.084351,True
cwhvm1_sx_bl_l,1,39,0,0,262,300,shape_area_ha,0,0,0,0,True,insufficient_source_stands,,,,False
cwhvm1_yc_ba_h,1,273,0,0,28,300,shape_area_ha,0,0,0,0,True,insufficient_source_stands,,,,False
cwhvm1_yc_ba_l,1,259,0,0,42,300,shape_area_ha,0,0,0,0,True,insufficient_source_stands,,,,False
cwhvm1_yc_cw_h,30,5814,49,299,15,376,shape_area_ha,0,0,0,0,False,smoothed_bin_pchip,31.130792,0.024039,38.269127,True
cwhvm1_yc_cw_l,50,6557,49,299,12,390,shape_area_ha,0,0,0,0,False,smoothed_bin_pchip,83.190068,0.096518,104.233933,True
cwhvm1_yc_cw_m,28,3629,49,299,17,390,shape_area_ha,0,0,0,0,False,smoothed_bin_pchip,71.180994,0.08619,87.39063,True
cwhvm1_yc_fdc_l,1,284,0,0,17,300,shape_area_ha,0,0,0,0,True,insufficient_source_stands,,,,False
cwhvm1_yc_h,4,906,49,299,31,300,shape_area_ha,0,0,0,0,True,smoothed_bin_pchip,12.686367,0.01329,14.756968,True
cwhvm1_yc_hm_h,12,1428,49,299,17,300,shape_area_ha,0,0,0,0,False,smoothed_bin_pchip,47.840048,0.031227,58.851651,True
cwhvm1_yc_hm_l,18,1243,49,299,14,390,shape_area_ha,0,0,0,0,False,smoothed_bin_pchip,72.371287,0.087978,89.923651,True
cwhvm1_yc_hm_m,5,518,27,299,172,376,shape_area_ha,0,0,0,0,False,smoothed_bin_pchip,0.161796,0.000443,0.161796,True
cwhvm1_yc_hw_h,27,5283,49,299,16,376,shape_area_ha,0,0,0,0,False,smoothed_bin_pchip,15.620928,0.014934,17.16244,True
cwhvm1_yc_hw_l,34,4847,49,299,13,376,shape_area_ha,0,0,0,0,False,smoothed_bin_pchip,79.697229,0.062656,99.846006,True
cwhvm1_yc_hw_m,23,3677,49,299,14,376,shape_area_ha,0,0,0,0,False,smoothed_bin_pchip,14.476014,0.017931,16.653921,True
cwhvm1_yc_l,5,722,49,299,23,300,shape_area_ha,0,0,0,0,False,smoothed_bin_pchip,110.470238,0.500815,138.599202,True
cwhvm1_yc_m,1,111,0,0,190,300,shape_area_ha,0,0,0,0,True,insufficient_source_stands,,,,False
cwhvm1_yc_pl_h,5,676,49,299,17,376,shape_area_ha,0,0,0,0,False,smoothed_bin_pchip,23.850653,0.015311,28.978399,True
cwhvm1_yc_pl_l,10,1031,49,299,17,376,shape_area_ha,0,0,0,0,False,smoothed_bin_pchip,47.83324,0.036728,59.141093,True
cwhvm1_yc_pl_m,10,347,23,299,190,376,shape_area_ha,0,0,0,0,False,smoothed_bin_pchip,0.029284,0.000325,0.029284,True
cwhvm2_ba_cw_h,3,843,49,299,20,300,shape_area_ha,0,0,0,0,True,smoothed_bin_pchip,9.444709,0.00566,3.646742,True
cwhvm2_ba_cw_l,3,820,49,299,26,300,shape_area_ha,0,0,0,0,True,smoothed_bin_pchip,6.316979,0.006861,1.909801,True
cwhvm2_ba_cw_m,1,111,0,0,190,300,shape_area_ha,0,0,0,0,True,insufficient_source_stands,,,,False
cwhvm2_ba_dr_l,1,281,0,0,20,300,shape_area_ha,0,0,0,0,True,insufficient_source_stands,,,,False
cwhvm2_ba_hm_h,3,716,49,299,18,300,shape_area_ha,0,0,0,0,True,smoothed_bin_pchip,10.824889,0.00558,0.379842,True
cwhvm2_ba_hm_l,3,241,31,299,150,300,shape_area_ha,0,0,0,0,True,smoothed_bin_pchip,23.300472,0.027736,23.300472,True
cwhvm2_ba_hm_m,3,386,49,299,17,300,shape_area_ha,0,0,0,0,True,smoothed_bin_pchip,73.035385,0.04164,91.149684,True
cwhvm2_ba_hw_h,36,8656,49,299,15,300,shape_area_ha,0,0,0,0,False,smoothed_bin_pchip,8.570388,0.005543,3.974616,True
cwhvm2_ba_hw_l,57,9362,49,299,17,390,shape_area_ha,0,0,0,0,False,smoothed_bin_pchip,8.878469,0.009122,7.503553,True
cwhvm2_ba_hw_m,59,13773,49,299,14,300,shape_area_ha,0,0,0,0,False,smoothed_bin_pchip,8.088925,0.006122,4.043066,True
cwhvm2_ba_yc_h,9,2228,49,299,17,300,shape_area_ha,0,0,0,0,False,smoothed_bin_pchip,9.590603,0.006966,5.402415,True
cwhvm2_ba_yc_l,9,1422,49,299,24,300,shape_area_ha,0,0,0,0,False,smoothed_bin_pchip,11.34354,0.019936,13.201233,True
cwhvm2_ba_yc_m,6,1656,49,299,17,300,shape_area_ha,0,0,0,0,False,smoothed_bin_pchip,7.12568,0.006274,3.062425,True
cwhvm2_cw_ba_l,2,287,49,299,16,326,shape_area_ha,0,0,0,0,True,smoothed_bin_pchip,8.42541,0.005117,4.350888,True
cwhvm2_cw_dr_h,1,261,0,0,40,300,shape_area_ha,0,0,0,0,True,insufficient_source_stands,,,,False
cwhvm2_cw_dr_l,2,527,49,299,35,300,shape_area_ha,0,0,0,0,True,smoothed_bin_pchip,6.087229,0.006366,2.007673,True
cwhvm2_cw_dr_m,2,550,49,299,22,300,shape_area_ha,0,0,0,0,True,smoothed_bin_pchip,8.373812,0.006142,4.790928,True
cwhvm2_cw_fdc_h,1,276,0,0,25,300,shape_area_ha,0,0,0,0,True,insufficient_source_stands,,,,False
cwhvm2_cw_fdc_l,1,270,0,0,31,300,shape_area_ha,0,0,0,0,True,insufficient_source_stands,,,,False
cwhvm2_cw_h,12,2353,49,299,17,326,shape_area_ha,0,0,0,0,False,smoothed_bin_pchip,15.579008,0.01297,16.56638,True
cwhvm2_cw_hm_h,1,2,0,0,362,376,shape_area_ha,0,0,0,0,True,insufficient_source_stands,,,,False
cwhvm2_cw_hm_l,1,101,0,0,200,300,shape_area_ha,0,0,0,0,True,insufficient_source_stands,,,,False
cwhvm2_cw_hw_h,51,10354,49,299,17,376,shape_area_ha,0,0,0,0,False,smoothed_bin_pchip,11.526874,0.011432,11.710335,True
cwhvm2_cw_hw_l,61,7635,49,299,16,376,shape_area_ha,0,0,0,0,False,smoothed_bin_pchip,35.665421,0.030258,44.166387,True
cwhvm2_cw_hw_m,44,5381,49,299,20,390,shape_area_ha,0,0,0,0,False,smoothed_bin_pchip,14.635126,0.018517,17.41865,True
cwhvm2_cw_l,12,1763,49,299,25,326,shape_area_ha,0,0,0,0,False,smoothed_bin_pchip,25.937618,0.026038,31.463281,True
cwhvm2_cw_m,9,1485,49,299,15,326,shape_area_ha,0,0,0,0,False,smoothed_bin_pchip,20.612963,0.018469,25.203075,True
cwhvm2_cw_yc_h,15,2109,49,299,17,376,shape_area_ha,0,0,0,0,False,smoothed_bin_pchip,30.549384,0.02204,37.199657,True
cwhvm2_cw_yc_l,19,2822,49,299,20,326,shape_area_ha,0,0,0,0,False,smoothed_bin_pchip,20.147723,0.028568,23.853453,True
cwhvm2_cw_yc_m,11,943,49,299,17,376,shape_area_ha,0,0,0,0,False,smoothed_bin_pchip,64.559512,0.050338,52.438399,True
cwhvm2_dr_h,4,1064,49,299,16,300,shape_area_ha,0,0,0,0,True,smoothed_bin_pchip,6.048931,0.004836,2.311463,True
cwhvm2_dr_hw_h,3,792,49,299,31,300,shape_area_ha,0,0,0,0,True,smoothed_bin_pchip,1.398202,0.00463,0.720076,True
cwhvm2_dr_hw_l,3,817,49,299,27,300,shape_area_ha,0,0,0,0,True,smoothed_bin_pchip,5.000733,0.007212,2.443972,True
cwhvm2_dr_hw_m,2,552,49,299,25,300,shape_area_ha,0,0,0,0,True,smoothed_bin_pchip,6.247694,0.025835,0.433202,True
cwhvm2_dr_l,4,1064,49,299,30,300,shape_area_ha,0,0,0,0,True,smoothed_bin_pchip,2.609615,0.005772,2.619086,True
cwhvm2_dr_m,2,459,49,299,42,300,shape_area_ha,0,0,0,0,True,smoothed_bin_pchip,6.238866,0.006072,1.600221,True
cwhvm2_fd_h,2,313,49,299,27,300,shape_area_ha,0,0,0,0,True,smoothed_bin_pchip,15.634119,0.014754,19.145731,True
cwhvm2_fd_hw_l,1,39,0,0,262,300,shape_area_ha,0,0,0,0,True,insufficient_source_stands,,,,False
cwhvm2_fd_l,2,78,9,299,262,300,shape_area_ha,0,0,0,0,True,smoothed_bin_pchip,30.077303,0.022403,30.077303,True
cwhvm2_fdc_ba_l,1,286,0,0,15,300,shape_area_ha,0,0,0,0,True,insufficient_source_stands,,,,False
cwhvm2_fdc_cw_l,1,273,0,0,28,300,shape_area_ha,0,0,0,0,True,insufficient_source_stands,,,,False
cwhvm2_fdc_dr_l,1,276,0,0,25,300,shape_area_ha,0,0,0,0,True,insufficient_source_stands,,,,False
cwhvm2_fdc_hw_l,1,281,0,0,20,300,shape_area_ha,0,0,0,0,True,insufficient_source_stands,,,,False
cwhvm2_fdc_l,1,275,0,0,26,300,shape_area_ha,0,0,0,0,True,insufficient_source_stands,,,,False
cwhvm2_fdc_yc_l,1,270,0,0,31,300,shape_area_ha,0,0,0,0,True,insufficient_source_stands,,,,False
cwhvm2_hm_ba_h,7,837,49,299,39,376,shape_area_ha,0,0,0,0,False,smoothed_bin_pchip,5.307527,0.007299,5.752134,True
cwhvm2_hm_ba_l,7,721,49,299,18,326,shape_area_ha,0,0,0,0,False,smoothed_bin_pchip,39.335889,0.025283,48.740792,True
cwhvm2_hm_ba_m,5,608,47,299,72,326,shape_area_ha,0,0,0,0,False,smoothed_bin_pchip,16.616847,0.022311,20.240361,True
cwhvm2_hm_cw_h,1,249,0,0,52,300,shape_area_ha,0,0,0,0,True,insufficient_source_stands,,,,False
cwhvm2_hm_cw_l,3,847,49,299,15,300,shape_area_ha,0,0,0,0,True,smoothed_bin_pchip,7.587468,0.005888,4.279662,True
cwhvm2_hm_cw_m,2,78,9,299,262,300,shape_area_ha,0,0,0,0,True,smoothed_bin_pchip,19.380277,0.022328,19.380277,True
cwhvm2_hm_yc_h,23,2886,49,299,17,376,shape_area_ha,0,0,0,0,False,smoothed_bin_pchip,25.519573,0.030794,27.057807,True
cwhvm2_hm_yc_l,34,2636,49,299,17,376,shape_area_ha,0,0,0,0,False,smoothed_bin_pchip,53.31179,0.057738,65.465273,True
cwhvm2_hm_yc_m,31,2238,49,299,42,376,shape_area_ha,0,0,0,0,False,smoothed_bin_pchip,5.915532,0.009132,3.450031,True
cwhvm2_hw_ba_h,315,73580,49,299,13,326,shape_area_ha,0,0,0,0,False,smoothed_bin_pchip,8.307198,0.006393,4.996038,True
cwhvm2_hw_ba_l,434,43472,49,299,8,390,shape_area_ha,0,0,0,0,False,smoothed_bin_pchip,18.644216,0.016592,21.08901,True
cwhvm2_hw_ba_m,299,44127,49,299,14,376,shape_area_ha,0,0,0,0,False,smoothed_bin_pchip,11.427377,0.010756,12.191464,True
cwhvm2_hw_cw_h,125,29846,49,299,14,376,shape_area_ha,0,0,0,0,False,smoothed_bin_pchip,7.077358,0.006706,5.187514,True
cwhvm2_hw_cw_l,134,15717,49,299,6,376,shape_area_ha,0,0,0,0,False,smoothed_bin_pchip,16.058348,0.0174,17.929704,True
cwhvm2_hw_cw_m,114,14161,49,299,13,376,shape_area_ha,0,0,0,0,False,smoothed_bin_pchip,7.87973,0.009058,7.517202,True
cwhvm2_hw_dr_h,7,1630,49,299,17,326,shape_area_ha,0,0,0,0,False,smoothed_bin_pchip,5.762402,0.005018,4.330523,True
cwhvm2_hw_dr_l,7,1870,49,299,20,300,shape_area_ha,0,0,0,0,False,smoothed_bin_pchip,5.814441,0.006242,3.366017,True
cwhvm2_hw_dr_m,5,1080,49,299,20,326,shape_area_ha,0,0,0,0,False,smoothed_bin_pchip,6.800387,0.006427,4.542869,True
cwhvm2_hw_fd_h,2,386,49,299,24,300,shape_area_ha,0,0,0,0,True,smoothed_bin_pchip,54.987182,0.029641,68.496404,True
cwhvm2_hw_fd_l,4,131,11,299,250,326,shape_area_ha,0,0,0,0,True,smoothed_bin_pchip,34.158243,0.022914,34.158243,True
cwhvm2_hw_fd_m,6,1026,49,299,24,326,shape_area_ha,0,0,0,0,False,smoothed_bin_pchip,8.716033,0.007438,7.412595,True
cwhvm2_hw_fdc_h,1,276,0,0,25,300,shape_area_ha,0,0,0,0,True,insufficient_source_stands,,,,False
cwhvm2_hw_fdc_l,2,556,49,299,23,300,shape_area_ha,0,0,0,0,True,smoothed_bin_pchip,5.794435,0.005708,4.400379,True
cwhvm2_hw_fdc_m,2,555,49,299,22,300,shape_area_ha,0,0,0,0,True,smoothed_bin_pchip,7.259478,0.005482,4.89339,True
cwhvm2_hw_h,43,9735,49,299,17,326,shape_area_ha,0,0,0,0,False,smoothed_bin_pchip,7.584521,0.007299,5.29072,True
cwhvm2_hw_hm_l,3,824,49,299,20,300,shape_area_ha,0,0,0,0,True,smoothed_bin_pchip,7.869228,0.00579,4.676834,True
cwhvm2_hw_hw_l,1,271,0,0,30,300,shape_area_ha,0,0,0,0,True,insufficient_source_stands,,,,False
cwhvm2_hw_l,62,6797,49,299,16,300,shape_area_ha,0,0,0,0,False,smoothed_bin_pchip,24.546161,0.02819,19.529152,True
cwhvm2_hw_m,28,4322,49,299,17,300,shape_area_ha,0,0,0,0,False,smoothed_bin_pchip,11.278256,0.010294,11.95223,True
cwhvm2_hw_ss_h,2,525,49,299,35,300,shape_area_ha,0,0,0,0,True,smoothed_bin_pchip,5.438822,0.005543,3.465535,True
cwhvm2_hw_ss_l,1,284,0,0,17,300,shape_area_ha,0,0,0,0,True,insufficient_source_stands,,,,False
cwhvm2_hw_ss_m,1,51,0,0,250,300,shape_area_ha,0,0,0,0,True,insufficient_source_stands,,,,False
cwhvm2_hw_tw_l,1,256,0,0,45,300,shape_area_ha,0,0,0,0,True,insufficient_source_stands,,,,False
cwhvm2_hw_yc_h,50,13155,49,299,16,300,shape_area_ha,0,0,0,0,False,smoothed_bin_pchip,9.175236,0.006649,5.840044,True
cwhvm2_hw_yc_l,63,6069,49,299,17,376,shape_area_ha,0,0,0,0,False,smoothed_bin_pchip,29.018192,0.033933,34.37946,True
cwhvm2_hw_yc_m,33,3136,49,299,17,376,shape_area_ha,0,0,0,0,False,smoothed_bin_pchip,31.804174,0.032747,38.875153,True
cwhvm2_pli_l,1,271,0,0,30,300,shape_area_ha,0,0,0,0,True,insufficient_source_stands,,,,False
cwhvm2_ss_hw_h,1,271,0,0,30,300,shape_area_ha,0,0,0,0,True,insufficient_source_stands,,,,False
cwhvm2_ss_l,1,278,0,0,23,300,shape_area_ha,0,0,0,0,True,insufficient_source_stands,,,,False
cwhvm2_sx_fdi_l,1,39,0,0,262,300,shape_area_ha,0,0,0,0,True,insufficient_source_stands,,,,False
cwhvm2_sx_l,1,201,0,0,100,300,shape_area_ha,0,0,0,0,True,insufficient_source_stands,,,,False
cwhvm2_yc_ba_h,8,2248,49,299,17,300,shape_area_ha,0,0,0,0,False,smoothed_bin_pchip,10.13771,0.006578,3.790907,True
cwhvm2_yc_ba_l,14,3388,49,299,17,326,shape_area_ha,0,0,0,0,False,smoothed_bin_pchip,4.602321,0.008522,1.884867,True
cwhvm2_yc_ba_m,13,3300,49,299,17,326,shape_area_ha,0,0,0,0,False,smoothed_bin_pchip,7.703851,0.006645,2.874696,True
cwhvm2_yc_cw_h,10,1580,49,299,14,300,shape_area_ha,0,0,0,0,False,smoothed_bin_pchip,56.420713,0.059417,70.430743,True
cwhvm2_yc_cw_l,14,2043,49,299,20,300,shape_area_ha,0,0,0,0,False,smoothed_bin_pchip,89.268089,0.212687,93.156594,True
cwhvm2_yc_cw_m,10,1187,49,299,40,326,shape_area_ha,0,0,0,0,False,smoothed_bin_pchip,56.82492,0.125114,30.560473,True
cwhvm2_yc_dr_l,1,274,0,0,27,300,shape_area_ha,0,0,0,0,True,insufficient_source_stands,,,,False
cwhvm2_yc_fdc_l,1,284,0,0,17,300,shape_area_ha,0,0,0,0,True,insufficient_source_stands,,,,False
cwhvm2_yc_fdc_m,2,569,49,299,16,300,shape_area_ha,0,0,0,0,True,smoothed_bin_pchip,7.009158,0.005433,3.317034,True
cwhvm2_yc_h,3,835,49,299,16,300,shape_area_ha,0,0,0,0,True,smoothed_bin_pchip,8.233398,0.006244,4.058134,True
cwhvm2_yc_hm_h,27,4229,49,299,17,376,shape_area_ha,0,0,0,0,False,smoothed_bin_pchip,19.834159,0.022315,23.345018,True
cwhvm2_yc_hm_l,30,1833,49,299,16,390,shape_area_ha,0,0,0,0,False,smoothed_bin_pchip,44.73503,0.040962,55.410809,True
cwhvm2_yc_hm_m,26,2132,49,299,39,376,shape_area_ha,0,0,0,0,False,smoothed_bin_pchip,28.128345,0.071976,31.682942,True
cwhvm2_yc_hw_h,33,7486,49,299,15,376,shape_area_ha,0,0,0,0,False,smoothed_bin_pchip,7.884464,0.008634,5.714107,True
cwhvm2_yc_hw_l,48,5815,49,299,15,376,shape_area_ha,0,0,0,0,False,smoothed_bin_pchip,60.280072,0.077046,66.16144,True
cwhvm2_yc_hw_m,21,4129,49,299,17,300,shape_area_ha,0,0,0,0,False,smoothed_bin_pchip,44.25659,0.039618,55.239021,True
cwhvm2_yc_l,3,499,49,299,24,300,shape_area_ha,0,0,0,0,True,smoothed_bin_pchip,102.801053,2.399363,129.091661,True
cwhvm2_yc_pl_h,1,111,0,0,190,300,shape_area_ha,0,0,0,0,True,insufficient_source_stands,,,,False
cwhvm2_yc_pl_l,2,222,23,299,190,300,shape_area_ha,0,0,0,0,True,smoothed_bin_pchip,0.025882,0.000458,0.025882,True
mhmm1_ba_hm_h,2,561,49,299,18,300,shape_area_ha,0,0,0,0,True,smoothed_bin_pchip,6.966585,0.005613,2.836166,True
mhmm1_ba_hm_l,8,2115,49,299,17,300,shape_area_ha,0,0,0,0,False,smoothed_bin_pchip,4.349721,0.007639,3.402515,True
mhmm1_ba_hw_h,9,2539,49,299,16,300,shape_area_ha,0,0,0,0,False,smoothed_bin_pchip,8.550512,0.005471,3.22903,True
mhmm1_ba_hw_l,15,3051,49,299,17,300,shape_area_ha,0,0,0,0,False,smoothed_bin_pchip,4.160405,0.007239,3.4843,True
mhmm1_ba_hw_m,9,1667,49,299,17,300,shape_area_ha,0,0,0,0,False,smoothed_bin_pchip,10.262804,0.007675,8.992227,True
mhmm1_ba_yc_h,7,1627,49,299,19,326,shape_area_ha,0,0,0,0,False,smoothed_bin_pchip,10.397793,0.006407,3.114836,True
mhmm1_ba_yc_l,15,3976,49,299,17,300,shape_area_ha,0,0,0,0,False,smoothed_bin_pchip,4.278753,0.007192,3.135828,True
mhmm1_cw_hw_h,2,4,1,299,300,326,shape_area_ha,0,0,0,0,True,smoothed_bin_pchip,1.16388,0.003344,1.16388,True
mhmm1_cw_hw_l,4,287,49,299,20,326,shape_area_ha,0,0,0,0,True,smoothed_bin_pchip,31.68938,0.020184,38.905407,True
mhmm1_cw_hw_m,3,425,49,299,26,300,shape_area_ha,0,0,0,0,True,smoothed_bin_pchip,9.918558,0.013136,11.753944,True
mhmm1_cw_yc_l,1,2,0,0,300,326,shape_area_ha,0,0,0,0,True,insufficient_source_stands,,,,False
mhmm1_hm_ba_h,2,552,49,299,24,300,shape_area_ha,0,0,0,0,True,smoothed_bin_pchip,7.18609,0.006461,4.689714,True
mhmm1_hm_ba_l,3,357,49,299,22,300,shape_area_ha,0,0,0,0,True,smoothed_bin_pchip,95.309844,0.093044,119.227139,True
mhmm1_hm_ba_m,4,1062,49,299,32,300,shape_area_ha,0,0,0,0,True,smoothed_bin_pchip,5.412617,0.006471,4.265872,True
mhmm1_hm_cw_l,1,277,0,0,24,300,shape_area_ha,0,0,0,0,True,insufficient_source_stands,,,,False
mhmm1_hm_l,1,39,0,0,262,300,shape_area_ha,0,0,0,0,True,insufficient_source_stands,,,,False
mhmm1_hm_yc_h,6,306,23,299,190,300,shape_area_ha,0,0,0,0,False,smoothed_bin_pchip,48.250641,0.045188,48.250641,True
mhmm1_hm_yc_l,14,2068,49,299,23,300,shape_area_ha,0,0,0,0,False,smoothed_bin_pchip,35.428654,0.029994,43.621023,True
mhmm1_hm_yc_m,4,162,23,299,190,326,shape_area_ha,0,0,0,0,True,smoothed_bin_pchip,13.82654,0.035545,13.82654,True
mhmm1_hw_ba_h,25,4915,49,299,17,326,shape_area_ha,0,0,0,0,False,smoothed_bin_pchip,18.026257,0.012501,20.339546,True
mhmm1_hw_ba_l,27,2889,49,299,17,376,shape_area_ha,0,0,0,0,False,smoothed_bin_pchip,24.332241,0.024823,28.704226,True
mhmm1_hw_ba_m,21,1471,49,299,25,326,shape_area_ha,0,0,0,0,False,smoothed_bin_pchip,13.130949,0.015967,8.083944,True
mhmm1_hw_cw_h,2,252,29,299,160,300,shape_area_ha,0,0,0,0,True,smoothed_bin_pchip,58.097065,0.096141,58.097065,True
mhmm1_hw_cw_l,2,550,49,299,20,300,shape_area_ha,0,0,0,0,True,smoothed_bin_pchip,6.146003,0.006194,3.206157,True
mhmm1_hw_h,1,111,0,0,190,300,shape_area_ha,0,0,0,0,True,insufficient_source_stands,,,,False
mhmm1_hw_l,1,277,0,0,24,300,shape_area_ha,0,0,0,0,True,insufficient_source_stands,,,,False
mhmm1_hw_yc_h,9,2532,49,299,17,300,shape_area_ha,0,0,0,0,False,smoothed_bin_pchip,8.312832,0.005563,3.781581,True
mhmm1_hw_yc_l,11,1258,49,299,17,326,shape_area_ha,0,0,0,0,False,smoothed_bin_pchip,67.655191,0.051155,84.682321,True
mhmm1_hw_yc_m,4,252,23,299,190,300,shape_area_ha,0,0,0,0,True,smoothed_bin_pchip,2.441367,0.003326,2.441367,True
mhmm1_yc_ba_h,5,1202,49,299,26,300,shape_area_ha,0,0,0,0,False,smoothed_bin_pchip,10.395851,0.009903,8.273658,True
mhmm1_yc_ba_l,9,2358,49,299,39,300,shape_area_ha,0,0,0,0,False,smoothed_bin_pchip,4.150078,0.007834,1.782036,True
mhmm1_yc_cw_h,1,2,0,0,300,326,shape_area_ha,0,0,0,0,True,insufficient_source_stands,,,,False
mhmm1_yc_cw_l,1,111,0,0,190,300,shape_area_ha,0,0,0,0,True,insufficient_source_stands,,,,False
mhmm1_yc_h,3,55,11,299,250,326,shape_area_ha,0,0,0,0,True,smoothed_bin_pchip,17.856057,0.034528,17.856057,True
mhmm1_yc_hm_h,4,714,49,299,16,300,shape_area_ha,0,0,0,0,True,smoothed_bin_pchip,57.585646,0.037418,71.307142,True
mhmm1_yc_hm_l,6,121,23,299,190,326,shape_area_ha,0,0,0,0,False,smoothed_bin_pchip,16.308968,0.031955,16.308968,True
mhmm1_yc_hm_m,7,1348,49,299,21,300,shape_area_ha,0,0,0,0,False,smoothed_bin_pchip,38.842969,0.030433,41.530295,True
mhmm1_yc_hw_h,7,1160,49,299,17,326,shape_area_ha,0,0,0,0,False,smoothed_bin_pchip,19.099767,0.015802,22.384259,True
mhmm1_yc_hw_l,12,1403,49,299,17,326,shape_area_ha,0,0,0,0,False,smoothed_bin_pchip,67.767861,0.066468,84.181175,True
mhmm1_yc_hw_m,4,106,11,299,250,326,shape_area_ha,0,0,0,0,True,smoothed_bin_pchip,6.5066,0.041497,6.5066,True
mhmm1_yc_l,4,660,49,299,25,326,shape_area_ha,0,0,0,0,True,smoothed_bin_pchip,19.528405,0.019125,23.994159,True
mhmm1_yc_pl_m,2,553,49,299,18,300,shape_area_ha,0,0,0,0,True,smoothed_bin_pchip,5.513233,0.006039,3.775178,True
